"","KP191526","KP191527","KP191525","KP191529","KJ417843","KP191493","KP191494","KP191501","KC316014","JN380810","JN380809","JN380808","JX093684","JX093699","KP757174","KP979771","JQ065930","AY422782","AY871813","EU282328","FJ687475","JX093618","JN379472","JN638329","JF297570","JN092553","JN544414","JN030343","AB550408","JX556922","JQ403524","JX476032","JF968043","JF968044","JN832500","JN832506","JN568248","JN415532","JN575585","JN575591","JX556940","JQ013408","HM210481","JF967762","JX402209","JF967773","JF967786","JF967792","DQ181846","DQ181856","AY732464","DQ181807","DQ518639","DQ518642","DQ518643","DQ917242","DQ917244","EU045312","EF436279","GQ139573","AM746226","EU005258","AB111086","AB111452","FJ931535","AF425622","AF425625","AF425627","AF425612","AF425619","HM237348","JF297573","JF297574","JF297578","JN029812","JN196578","JF804032","JF804036","EU448410","EU448419","FJ807632","FJ807634","FJ807635","FJ807637","FJ807638","FJ807639","KP858119","KT012508","KJ939388","KJ939367","KJ939402","KM216699","JQ686066","JQ686058","AB915384","KJ806918","KJ806910","KT175137","KC848581","KC848580","KF752596","KM279408","AB873104","KJ415093","KF364513","HQ336219","KM651778","JQ993232","JN036390","JF804049","DQ518674","KF041250","DQ453981","AB111085","AY338493","AY676385","AY676407","KF709426","JQ686069","JN030191","JF968094","JF968113","HM348831","JN544412","KR779789","KM222447","KM216708","AY484646","KP191499","KM222448"
"KP191526",0,920,756,326,2827,2466,3223,2311,2998,2956,2838,2606,2685,2679,840,824,3012,3255,847,3353,3415,1325,3019,2935,3063,2761,2559,865,3079,2981,579,2557,1309,609,3125,2747,655,2757,2483,3221,3113,913,1115,2583,2741,2907,2609,3717,1067,841,2607,679,963,927,649,1237,1721,1031,2717,2697,813,753,2943,701,979,2825,3197,2941,3283,3063,3021,3195,2861,3219,2873,431,669,957,3049,743,839,803,1223,1057,1039,835,3511,671,2753,2925,1349,577,2971,2741,2721,863,837,983,727,3319,1307,865,2965,3259,888,3012,2585,3279,2975,2575,2823,3063,2987,2641,3043,2517,3059,2955,2721,2521,3011,2731,2861,3224,2792,1104,762,1678,3714,3716
"KP191527",920,0,888,798,2139,1838,2703,1721,2462,2712,2440,2572,2183,2095,714,1090,2536,2535,915,2857,2911,527,2459,2147,2373,2325,2473,669,2521,2527,961,2643,1211,929,3121,2557,671,2207,2763,2947,2911,1097,979,2385,2209,2835,2501,3465,943,507,2035,631,961,1061,857,777,1539,979,2633,2385,809,949,2503,757,951,2253,2601,2271,2585,2347,2817,2587,2597,2627,2305,753,541,1125,2605,919,921,939,863,917,869,849,2719,979,2129,2123,831,1069,2859,2815,2289,993,827,497,875,2581,1125,1123,2167,3193,922,2746,2399,3331,2933,2601,2879,2817,3031,2449,2941,2643,2951,2901,2545,2707,2769,2601,2769,3026,2580,1458,1294,1374,2984,3848
"KP191525",756,888,0,558,3061,2616,3513,2473,2966,2794,2720,2580,2925,2783,400,1280,3376,3353,583,3411,3829,1335,3473,2871,3457,2597,2643,769,3197,3101,809,2663,1639,807,3087,2663,859,2849,2517,3035,3343,1191,1467,2677,3139,2949,2831,4089,1223,993,2865,915,1259,1203,747,985,2275,1409,2733,2751,1057,929,2795,937,1085,3015,3597,3045,3371,3251,3075,3575,3315,3669,3021,849,803,1223,3141,1023,629,607,959,639,741,685,3725,1031,2865,3149,1513,909,3305,2895,2833,461,379,1145,909,3307,1679,1481,3033,3177,746,3100,2529,3143,2807,2629,2889,3133,2941,2529,2963,2489,3013,2917,2797,2653,2855,2659,2943,3140,2802,1522,1068,1822,3838,4172
"KP191529",326,798,558,0,2679,2436,3151,2203,2832,2774,2516,2456,2537,2587,578,744,2996,3017,641,3275,3385,1189,2927,2591,2911,2887,2899,727,2909,3273,451,2889,1043,495,3487,2941,647,2607,2721,3521,3355,787,923,2937,2767,3313,2923,4039,879,909,2525,557,749,799,549,923,1919,953,3125,3029,779,695,3261,633,785,2579,3107,2703,3031,3023,3345,3209,2897,3139,2735,389,569,835,2763,709,643,639,1013,911,917,675,3297,619,2555,2815,1393,519,3457,3147,2559,737,711,963,699,3007,1157,795,2695,3595,762,3030,2443,3309,2953,2431,2637,3033,2775,2525,3039,2573,3107,2721,2749,2279,3015,2507,2893,3044,3102,952,748,1432,3488,3632
"KJ417843",2827,2139,3061,2679,0,465,1538,464,1279,3019,2795,2767,742,762,2899,2251,1297,1450,3222,1402,1808,2408,1190,832,1402,3228,3232,3104,1524,3372,2720,3576,3122,2518,4318,3398,2756,1394,3286,4526,3430,3038,2804,3198,1324,3924,3564,3890,2792,2694,1046,2696,2864,3140,2872,2980,2816,3172,3628,3544,2600,3020,3646,2850,2538,1080,1338,1088,1292,992,3946,1238,1392,1338,706,2638,2772,3068,1264,3064,3228,3288,3564,3550,3248,3248,1228,2934,774,712,2706,2722,3950,4118,1468,2926,3036,2586,2602,986,2956,2656,744,4752,3429,2705,2438,3240,2636,2508,2980,2816,2950,2778,2952,2748,2716,2882,2816,2438,2766,2682,2830,3027,3281,3201,3385,3327,1363,4293
"KP191493",2466,1838,2616,2436,465,0,1279,167,1064,2492,2420,2470,493,375,2326,2040,850,955,2593,1185,1269,2011,731,505,929,2797,2643,2555,1077,2745,2207,3023,2901,2123,3753,3023,2191,983,2845,3751,2935,2583,2413,2615,797,3255,2917,3325,2481,2161,543,2295,2621,2761,2489,2635,2229,2745,3101,3109,2005,2299,2983,2343,2319,671,759,621,955,493,3321,763,813,871,513,2159,2349,2623,995,2803,2611,2705,2883,2895,2661,2687,761,2287,467,469,2279,2145,3087,3397,855,2233,2373,2165,2079,669,2481,2449,507,4003,2854,2400,2095,2679,2145,2117,2555,2451,2675,2341,2537,2253,2245,2611,2479,2343,2159,2395,2411,2576,2706,2732,2910,2878,1132,3884
"KP191494",3223,2703,3513,3151,1538,1279,0,1258,1349,2103,2471,2107,1306,1618,3089,2939,739,1130,3598,1562,436,2982,840,1362,1374,3114,3144,3184,1444,2748,2934,3398,3004,2856,4080,3620,3272,1372,3462,4064,3114,3112,2486,2948,758,3644,3450,3588,3082,2850,1758,2770,3390,3522,3190,3062,2594,2950,3856,3692,2912,3062,3554,3130,2466,1148,908,1144,1274,1084,3782,786,656,872,1204,2810,3116,3146,1366,3614,3438,3318,3154,3646,3502,3272,768,3070,1374,1404,2822,3060,3494,3910,1174,3176,3268,2768,3112,1488,2526,2680,1652,4386,3681,1965,1754,2304,1980,2736,2968,1996,2810,2212,2236,2102,2234,2732,2294,2428,1948,2326,2304,2381,3183,3305,3785,3201,1871,4049
"KP191501",2311,1721,2473,2203,464,167,1258,0,1201,2323,2185,2285,498,448,2119,1733,923,1076,2512,1308,1318,1776,944,584,1146,2844,2558,2344,1144,2756,1980,3118,2560,1982,3710,3116,2050,1064,2798,3758,2902,2306,2124,2594,906,3256,2794,3374,2180,2002,630,2048,2348,2538,2240,2416,2074,2402,3136,3266,1878,2120,3036,2094,2010,780,906,750,1046,686,3342,874,888,896,604,1966,2170,2322,1090,2550,2378,2492,2606,2712,2434,2402,866,2074,416,498,2072,1950,3174,3470,938,2092,2162,2036,1946,800,2306,2208,516,3960,2707,2359,2028,2644,2174,2036,2374,2356,2546,2106,2428,2130,2296,2520,2336,2188,2232,2212,2326,2455,2577,2495,2675,2553,1045,3611
"KC316014",2998,2462,2966,2832,1279,1064,1349,1201,0,2996,2984,2764,803,941,2606,2496,1256,695,2805,285,1483,2509,997,895,985,2833,2955,2779,559,2837,2495,2857,2333,2317,4043,3079,2557,575,3241,3883,3057,2277,2083,2859,1135,3371,3087,3289,2307,2537,1089,2693,2625,2739,2803,2651,2755,2497,3463,3381,2325,2509,2971,2883,1971,1111,1171,557,503,823,3189,999,1153,1121,615,2367,2733,2369,371,2925,3023,2799,3019,3125,2727,2783,1079,2635,1241,947,2563,2687,3559,3669,897,2525,2607,2383,2645,831,2359,2079,1193,4321,2984,2700,2559,3019,2695,2665,3107,2775,3139,2877,2969,2745,2843,3129,2781,2823,2511,2733,2779,3038,2930,2954,3224,2396,1464,4150
"JN380810",2956,2712,2794,2774,3019,2492,2103,2323,2996,0,466,490,2679,2623,2280,2558,1836,2411,2453,2925,1847,2431,2095,2309,2703,2537,2075,2535,2253,2133,2605,2991,2897,2189,2837,2923,2721,2361,2459,2777,2495,2725,2385,2201,1887,2463,2439,3033,2561,2129,2545,2103,2969,3095,2065,2849,1887,2665,2619,2829,2515,2707,2497,2577,2381,2223,2227,2277,2679,2217,2805,2021,1833,1979,2459,2395,2459,2769,2803,3099,2631,2675,2409,2537,2737,2561,2479,2761,2033,2421,1955,2601,2543,2559,2087,2275,2475,2213,2405,2535,2619,2723,2479,2927,2774,500,455,603,613,695,667,301,733,385,605,533,631,635,371,727,545,487,367,106,2080,2532,2888,2766,2600,1798
"JN380809",2838,2440,2720,2516,2795,2420,2471,2185,2984,466,0,420,2521,2419,2240,2342,2020,2495,2243,2911,2421,2079,2283,2179,2641,2281,1899,2367,2351,2051,2443,2771,2597,1989,2743,2807,2533,2397,2165,2831,2307,2473,2241,1977,2101,2305,2041,2883,2195,2015,2451,1907,2449,2673,1999,2519,1887,2293,2437,2633,2449,2701,2503,2329,2109,2219,2255,2283,2657,2253,2675,2295,2039,1999,2375,2205,2211,2487,2613,2617,2507,2627,2281,2475,2503,2485,2563,2617,1943,2209,2015,2433,2373,2405,1897,2265,2397,1981,2091,2425,2673,2431,2163,2873,2704,738,697,1025,931,497,431,563,489,435,937,791,901,519,489,471,1009,427,659,500,1936,2330,2642,2414,2408,1574
"JN380808",2606,2572,2580,2456,2767,2470,2107,2285,2764,490,420,0,2479,2461,2236,2416,1768,2243,2257,2713,2045,2283,2041,2087,2555,2311,1831,2355,2311,2003,2401,2695,2669,1919,2617,2737,2651,2477,2115,2757,2399,2499,2177,1895,1813,2245,2159,3081,2377,2039,2461,1947,2733,2771,1973,2595,2053,2295,2375,2569,2433,2579,2461,2279,2075,2249,2103,2171,2649,2253,2667,2117,1805,1941,2247,2187,2315,2547,2421,2511,2521,2595,2209,2519,2603,2439,2393,2727,2001,2261,2091,2483,2211,2313,1855,2183,2369,2061,2295,2329,2671,2447,2291,2817,2738,660,449,863,791,591,443,501,359,439,827,765,825,341,489,343,789,113,635,584,1858,2208,2554,2622,2576,1476
"JX093684",2685,2183,2925,2537,742,493,1306,498,803,2679,2521,2479,0,266,2431,1979,831,596,2564,896,1268,2056,728,462,836,3302,3202,2338,916,3324,2034,3346,2392,2030,4518,3628,2234,858,3396,4384,3450,2320,2012,3136,706,3744,3218,3880,2176,2186,332,2180,2294,2484,2548,2542,2318,2378,3788,3730,1892,2216,3480,2366,1880,606,684,598,750,556,3666,810,858,822,316,2004,2362,2370,616,2544,2688,2500,2698,2816,2550,2438,670,2208,542,520,2140,2172,3680,3982,784,2254,2372,2052,2208,632,2068,2028,282,4682,2727,2399,2300,2904,2542,2258,2586,2542,2674,2478,2764,2506,2608,2680,2496,2312,2402,2330,2466,2719,3191,2363,2663,2265,739,3329
"JX093699",2679,2095,2783,2587,762,375,1618,448,941,2623,2419,2461,266,0,2321,2023,1087,830,2398,1084,1568,2004,1042,398,962,2892,2650,2364,970,2802,2114,2870,2552,1974,3894,3026,2138,1002,2908,3732,2944,2344,2262,2616,934,3108,2682,3320,2148,2128,314,2224,2352,2370,2404,2556,2204,2482,3138,3152,1846,2192,2846,2384,2022,704,880,632,900,656,3114,988,1022,1026,480,2072,2224,2410,802,2544,2676,2544,2810,2792,2438,2526,920,2152,446,474,2230,2114,3066,3308,786,2178,2268,2044,2060,646,2348,2264,308,3970,2757,2383,2116,2854,2290,2106,2432,2502,2602,2340,2650,2430,2460,2570,2422,2322,2324,2246,2364,2693,2629,2419,2655,2337,773,3293
"KP757174",840,714,400,578,2899,2326,3089,2119,2606,2280,2240,2236,2431,2321,0,768,2736,2693,251,2957,3085,709,2761,2299,2695,2163,2217,325,2557,2487,395,2255,1023,519,2697,2275,413,2195,2179,2487,2629,719,881,2295,2439,2417,2297,3267,637,545,2311,405,753,807,433,543,1531,777,2419,2385,519,529,2213,455,663,2323,2925,2469,2719,2609,2425,2857,2619,2861,2497,411,407,743,2639,679,345,313,477,329,339,299,3107,567,2419,2541,929,529,2699,2397,2387,225,115,615,515,2651,963,875,2533,2673,360,2540,2105,2747,2475,2279,2469,2577,2689,2051,2439,2095,2569,2627,2279,2327,2315,2239,2491,2622,2266,728,588,976,2838,2990
"KP979771",824,1090,1280,744,2251,2040,2939,1733,2496,2558,2342,2416,1979,2023,768,0,2378,2665,957,2653,2835,879,2253,2267,2637,2189,2145,997,2471,2517,399,2251,939,667,2937,2365,657,2083,2127,2929,2493,721,873,2267,2139,2403,2229,2859,755,915,1799,697,757,839,699,903,1519,795,2339,2483,839,873,2443,695,707,2031,2409,2305,2633,2277,2515,2375,2259,2483,2301,561,609,711,2283,841,1085,969,1227,1127,929,961,2705,637,2083,1969,1099,481,2761,2555,2259,899,905,897,639,2447,1193,711,2127,2995,1038,2556,2121,2883,2671,2077,2409,2545,2611,2093,2499,2107,2567,2577,2245,2019,2543,2295,2427,2670,2134,738,656,1020,2462,2498
"JQ065930",3012,2536,3376,2996,1297,850,739,923,1256,1836,2020,1768,831,1087,2736,2378,0,685,2969,1097,479,2323,249,997,1065,3007,2817,2787,891,2751,2489,3257,2701,2343,4081,3423,2661,879,3283,4169,3109,2661,2073,2661,281,3505,3069,3619,2641,2445,929,2489,2999,3061,2717,2751,2225,2681,3463,3275,2365,2493,3341,2659,2207,747,351,669,881,735,3567,487,315,447,679,2375,2623,2759,983,3057,2859,2987,2837,3211,3177,2835,389,2609,949,779,2269,2521,2961,3491,773,2647,2829,2421,2527,1019,2217,2397,1073,4361,3168,1750,1707,2229,2025,2041,2255,1763,2283,1893,2229,1971,2041,2265,1789,1995,1745,1783,1945,1908,2746,2620,3070,2632,1144,2962
"AY422782",3255,2535,3353,3017,1450,955,1130,1076,695,2411,2495,2243,596,830,2693,2665,685,0,2726,772,870,2372,604,568,596,3300,3182,2588,490,3048,2590,3460,2446,2482,4542,3714,2548,518,3572,4204,3342,2608,2090,3014,436,3644,3254,3658,2536,2526,638,2648,2752,2950,2802,2726,2292,2608,3886,3720,2224,2362,3294,2688,2158,562,532,222,358,480,3504,642,664,606,464,2464,2680,2696,368,3054,2886,2782,2696,3008,2844,2670,412,2774,876,794,2464,2780,3498,3878,410,2624,2722,2372,2552,646,2214,2340,766,4624,2891,2375,1936,2518,2262,2228,2518,2462,2668,2306,2486,2378,2330,2594,2434,2452,2028,2144,2596,2523,3099,2703,3223,2397,1081,3223
"AY871813",847,915,583,641,3222,2593,3598,2512,2805,2453,2243,2257,2564,2398,251,957,2969,2726,0,3134,3552,946,2958,2342,2760,2270,2276,310,2640,2548,532,2170,1012,562,2848,2306,432,2302,2206,2592,2670,752,964,2308,2542,2446,2212,3244,708,680,2294,566,690,724,484,686,1534,842,2430,2314,570,596,2268,684,734,2498,3100,2592,2812,2824,2440,3158,2922,3116,2682,462,430,802,2696,598,426,318,636,336,320,378,3316,670,2650,2838,1086,614,2714,2268,2384,394,262,732,554,2734,1106,942,2634,2722,267,2693,2214,2858,2644,2126,2310,2712,2624,2158,2570,2222,2650,2544,2314,2270,2446,2212,2512,2769,2385,727,615,1007,3103,2783
"EU282328",3353,2857,3411,3275,1402,1185,1562,1308,285,2925,2911,2713,896,1084,2957,2653,1097,772,3134,0,1352,2692,880,1128,1156,3096,3022,3100,546,3050,2742,3158,2614,2712,4396,3370,2736,586,3402,4266,3258,2482,2306,2972,1052,3626,3200,3478,2558,2824,1144,3100,2872,2940,3068,2984,2948,2734,3616,3560,2504,2588,3208,3134,2184,1090,1022,602,530,844,3450,886,950,984,746,2632,2992,2570,420,3186,3258,3156,3292,3528,3120,3110,1004,2882,1356,874,2736,2934,3642,3816,896,2716,2922,2676,2774,1042,2496,2294,1306,4682,3273,2645,2564,2880,2580,2602,3162,2756,3154,2806,3022,2608,2800,3162,2704,2768,2462,2686,2618,2831,2849,3187,3433,2565,1395,3667
"FJ687475",3415,2911,3829,3385,1808,1269,436,1318,1483,1847,2421,2045,1268,1568,3085,2835,479,870,3552,1352,0,2766,536,1332,1284,3370,3120,3118,1038,2846,2894,3674,2904,2826,4410,3862,3038,1098,3660,4236,3256,2860,2306,3026,608,3728,3410,3684,2996,2626,1520,2800,3336,3352,3004,3192,2526,2886,3930,3884,2666,2678,3456,2924,2488,1014,588,816,1060,896,3784,468,350,538,1046,2740,3014,2928,1294,3542,3360,3312,3166,3570,3558,3222,542,2918,1274,1156,2502,2890,3404,3936,934,2998,3224,2608,2936,1370,2274,2624,1650,4646,3519,1813,1614,1982,1824,2388,2710,1840,2644,2080,2096,1928,1950,2568,2070,2388,1630,2128,2134,2001,3003,2999,3479,2825,1481,3219
"JX093618",1325,527,1335,1189,2408,2011,2982,1776,2509,2431,2079,2283,2056,2004,709,879,2323,2372,946,2692,2766,0,2410,2194,2464,2288,2306,756,2450,2494,762,2592,1180,880,3134,2660,650,2078,2620,2846,2714,986,936,2308,2118,2660,2210,3266,816,360,1870,586,928,1110,766,774,1512,806,2628,2532,854,896,2376,452,1010,2168,2474,2134,2572,2208,2652,2502,2406,2488,2226,700,648,990,2360,872,1022,966,770,818,702,782,2712,906,2124,2078,542,894,2864,2884,2152,820,716,392,904,2506,1174,1116,2070,3146,1033,2413,2242,2912,2716,2144,2426,2518,2674,2178,2660,2300,2598,2608,2034,2322,2312,2226,2382,2613,2301,919,969,993,2359,2777
"JN379472",3019,2459,3473,2927,1190,731,840,944,997,2095,2283,2041,728,1042,2761,2253,249,604,2958,880,536,2410,0,780,868,3140,3044,2762,786,2886,2448,3402,2578,2374,4342,3556,2512,820,3396,4362,3218,2634,2004,2944,302,3614,3280,3552,2582,2446,832,2496,2888,3004,2790,2738,2292,2626,3604,3498,2168,2418,3374,2686,2178,664,382,560,756,572,3532,406,400,482,604,2364,2596,2710,846,3076,3030,2958,2878,3208,3150,2942,384,2668,996,676,2352,2556,3208,3642,770,2696,2930,2340,2402,778,2142,2194,936,4616,3085,1951,1844,2346,2132,2114,2496,1952,2492,2136,2318,2168,2090,2318,2048,2148,1848,2042,2116,2099,2983,2649,3087,2707,1145,3193
"JN638329",2935,2147,2871,2591,832,505,1362,584,895,2309,2179,2087,462,398,2299,2267,997,568,2342,1128,1332,2194,780,0,608,2878,2752,2340,806,2694,2340,3114,2500,2042,3848,3142,2310,798,2958,3754,2894,2538,2208,2720,686,3240,2994,3300,2296,2220,568,2268,2500,2690,2416,2554,2188,2550,3254,3296,1990,2368,2994,2494,2070,482,796,434,658,498,3166,744,966,854,372,2188,2336,2602,712,2700,2648,2526,2658,2756,2474,2600,732,2522,488,568,2444,2352,3280,3418,664,2314,2422,2150,2156,216,2416,2288,380,4048,2675,2273,1846,2566,2022,1892,2146,2268,2290,2122,2306,2292,2120,2118,2294,2036,1988,1926,2422,2429,2681,2399,2793,2455,741,3235
"JF297570",3063,2373,3457,2911,1402,929,1374,1146,985,2703,2641,2555,836,962,2695,2637,1065,596,2760,1156,1284,2464,868,608,0,3300,3410,2744,776,3022,2662,3460,2532,2504,4354,3598,2536,576,3638,4076,3368,2672,2212,3172,662,3820,3564,3678,2576,2508,922,2550,2670,2876,3012,2946,2300,2660,3952,3800,2342,2556,3466,2750,2342,410,664,428,524,458,3804,756,900,734,774,2334,2644,2734,718,2954,2930,2840,3040,3172,2792,2792,856,2724,1046,886,2774,2722,3630,4006,714,2870,2844,2452,2496,734,2384,2242,916,4468,2841,2837,2234,3036,2510,2434,2724,2814,2740,2666,3006,2724,2618,2694,2836,2524,2294,2410,2938,2837,3237,2673,3147,2421,1161,3383
"JN092553",2761,2325,2597,2887,3228,2797,3114,2844,2833,2537,2281,2311,3302,2892,2163,2189,3007,3300,2270,3096,3370,2288,3140,2878,3300,0,444,2740,2928,536,2428,360,3060,2224,502,276,2584,2432,568,552,452,2628,2882,398,2808,478,850,734,2744,2214,3018,2270,2700,3010,2044,2498,1738,2542,324,302,2824,3080,502,2354,2398,2834,3140,2876,2952,2644,702,2888,2950,3080,2982,2338,2222,2612,2918,2940,2766,2734,2658,2606,2276,2860,3552,2550,2564,2708,2286,2282,830,630,2726,2270,2360,2128,2426,2780,3206,2748,3154,684,2923,1857,1986,2418,2112,2320,2518,2064,2766,2098,1950,1838,1996,2738,2044,2328,2040,2450,2238,2561,609,2739,2867,2765,3295,2951
"JN544414",2559,2473,2643,2899,3232,2643,3144,2558,2955,2075,1899,1831,3202,2650,2217,2145,2817,3182,2276,3022,3120,2306,3044,2752,3410,444,0,2724,2732,440,2428,536,2988,2166,434,588,2468,2532,322,514,438,2422,2712,158,2672,272,368,660,2440,2088,2716,2282,2674,2770,1914,2752,1392,2332,244,620,2586,2694,420,2204,2322,2866,2924,2730,3030,2550,538,2654,2628,2756,2848,2342,2220,2416,2912,2666,2638,2724,2784,2612,2370,2772,3398,2368,2318,2434,2138,2194,468,330,2434,2256,2252,2138,2254,2638,3222,2656,3038,492,2917,1605,1618,1818,1626,1798,1806,1720,2250,1514,1420,1308,1588,2324,1536,1990,1740,1918,1768,2161,135,2595,2679,2641,3083,2365
"JN030343",865,669,769,727,3104,2555,3184,2344,2779,2535,2367,2355,2338,2364,325,997,2787,2588,310,3100,3118,756,2762,2340,2744,2740,2724,0,2646,2978,512,2802,758,686,3416,2892,360,2388,2824,3184,3212,730,660,2684,2340,2972,2596,3836,600,454,2218,456,614,742,544,550,1522,580,2946,2808,382,482,2690,514,502,2488,2902,2590,2862,2742,2900,2868,2668,2822,2476,416,370,774,2772,584,436,262,378,294,374,224,3070,672,2572,2694,798,704,3142,2890,2354,448,312,420,642,2914,710,784,2438,3418,277,2767,2336,3098,2880,2440,2654,2784,2876,2272,2676,2480,2876,2704,2422,2562,2682,2330,2676,2867,2761,701,583,877,2861,3077
"AB550408",3079,2521,3197,2909,1524,1077,1444,1144,559,2253,2351,2311,916,970,2557,2471,891,490,2640,546,1038,2450,786,806,776,2928,2732,2646,0,2660,2600,2958,2082,2396,4028,3052,2390,278,3172,3824,2878,2130,1940,2676,870,3192,2774,3192,2200,2512,986,2698,2498,2480,2642,2812,2216,2368,3362,3310,2278,2274,2790,2796,2004,824,810,344,306,704,3126,742,854,752,698,2394,2612,2224,518,2856,2800,2812,3002,3074,2822,2712,730,2586,1074,768,2476,2654,3150,3312,618,2564,2618,2418,2442,720,2204,2078,1182,4192,2809,2309,2012,2486,2306,2086,2452,2312,2660,2202,2478,2258,2310,2628,2258,2520,2110,2206,2422,2309,2567,2829,3105,2125,1293,3163
"JX556922",2981,2527,3101,3273,3372,2745,2748,2756,2837,2133,2051,2003,3324,2802,2487,2517,2751,3048,2548,3050,2846,2494,2886,2694,3022,536,440,2978,2660,0,2806,678,3098,2358,712,828,2720,2414,868,642,266,2750,2850,510,2580,458,846,476,2804,2178,2984,2418,2976,3114,2292,2864,1850,2524,646,868,2780,2994,542,2652,2496,2776,2846,2616,2758,2410,676,2468,2548,2542,2922,2512,2416,2756,2924,2984,2978,3062,2880,2910,2524,3090,3214,2666,2470,2520,2180,2522,664,560,2346,2636,2688,2206,2562,2588,3122,2820,3174,840,3127,1609,1704,1976,1664,2128,2108,1624,2386,1756,1622,1542,1722,2484,1736,2134,1642,2166,1876,2339,495,2829,3087,2647,3115,2569
"JQ403524",579,961,809,451,2720,2207,2934,1980,2495,2605,2443,2401,2034,2114,395,399,2489,2590,532,2742,2894,762,2448,2340,2662,2428,2428,512,2600,2806,0,2332,894,408,3192,2592,336,2244,2290,3010,2796,580,690,2430,2220,2734,2288,3374,642,594,1926,372,620,732,466,762,1502,638,2646,2664,448,392,2634,310,564,2208,2652,2372,2734,2514,2664,2646,2382,2730,2344,202,460,606,2370,600,548,454,734,658,590,466,2912,222,2270,2302,902,170,2898,2708,2172,390,388,616,488,2660,764,634,2298,3164,609,2635,2256,2818,2618,2284,2590,2706,2804,2306,2592,2186,2664,2716,2310,2278,2444,2366,2494,2813,2517,507,409,963,2703,2777
"JX476032",2557,2643,2663,2889,3576,3023,3398,3118,2857,2991,2771,2695,3346,2870,2255,2251,3257,3460,2170,3158,3674,2592,3402,3114,3460,360,536,2802,2958,678,2332,0,3072,2182,606,248,2548,2538,490,536,486,2508,2956,522,3004,482,662,700,2694,2396,3116,2414,2574,2794,2222,2780,1928,2530,454,512,2788,2878,562,2460,2406,3080,3320,3086,3028,2810,726,3112,3056,3354,3146,2300,2376,2524,2902,2814,2770,2704,2982,2692,2300,2802,3830,2310,2910,2988,2536,2114,830,518,2818,2328,2300,2392,2488,2924,3176,2720,3486,610,2811,2211,2382,2614,2416,2668,2824,2474,3128,2404,2238,1994,2344,3276,2340,2696,2260,2814,2504,3115,781,2701,2745,2689,3595,3145
"JF968043",1309,1211,1639,1043,3122,2901,3004,2560,2333,2897,2597,2669,2392,2552,1023,939,2701,2446,1012,2614,2904,1180,2578,2500,2532,3060,2988,758,2082,3098,894,3072,0,1034,4010,3270,814,2052,3168,3692,3214,324,232,2866,2348,3128,2586,3570,300,990,2266,904,410,468,956,916,1708,210,3358,3398,902,880,2880,1052,314,2368,2666,2320,2472,2736,2990,2624,2624,2544,2630,780,674,328,2340,646,1248,786,1212,1012,904,850,2892,914,2724,2450,1288,1092,3482,3256,2160,1276,1052,920,1152,2786,750,292,2580,3822,809,3057,2548,3452,3308,2652,2826,3048,3176,2604,3002,2846,3268,2988,2632,2792,3110,2544,3098,3219,2907,1061,1077,457,2825,3025
"JF968044",609,929,807,495,2518,2123,2856,1982,2317,2189,1989,1919,2030,1974,519,667,2343,2482,562,2712,2826,880,2374,2042,2504,2224,2166,686,2396,2358,408,2182,1034,0,2764,2368,536,2180,2208,2798,2496,690,756,2208,2200,2438,2216,3172,740,476,2000,286,766,768,300,830,1566,812,2310,2318,516,642,2368,582,612,2294,2632,2204,2546,2456,2432,2512,2352,2588,2126,234,368,764,2376,592,762,692,848,794,816,708,2790,504,2002,2142,910,344,2566,2350,1968,532,612,572,450,2348,976,672,2216,2874,691,2085,1918,2504,2194,1908,2006,2170,2098,1946,2290,2018,2304,2074,1876,1740,2150,1894,2170,2389,2231,503,461,899,2461,2609
"JN832500",3125,3121,3087,3487,4318,3753,4080,3710,4043,2837,2743,2617,4518,3894,2697,2937,4081,4542,2848,4396,4410,3134,4342,3848,4354,502,434,3416,4028,712,3192,606,4010,2764,0,430,3340,3568,572,310,662,3426,3754,560,3806,518,1032,920,3496,2842,4076,2902,3554,3826,2576,3516,2222,3276,356,630,3558,3772,660,2882,3258,3968,4150,3950,4164,3562,874,3754,3776,3938,4010,2976,2936,3400,4120,3612,3224,3380,3458,3138,2874,3396,4828,3216,3412,3786,3042,2846,784,530,3694,2936,2884,2920,3158,3760,4322,3566,4242,276,3557,2333,2454,2786,2426,2730,2648,2480,2980,2314,2206,2142,2446,3072,2448,2714,2578,2784,2646,2965,613,3307,3419,3613,4289,3493
"JN832506",2747,2557,2663,2941,3398,3023,3620,3116,3079,2923,2807,2737,3628,3026,2275,2365,3423,3714,2306,3370,3862,2660,3556,3142,3598,276,588,2892,3052,828,2592,248,3270,2368,430,0,2732,2672,570,550,610,2794,3210,566,3196,612,918,866,2926,2520,3254,2554,2796,3054,2230,2930,2056,2836,330,268,3012,3162,572,2588,2634,3202,3492,3166,3180,2944,888,3218,3250,3498,3236,2496,2424,2820,3156,3122,2824,2888,3150,2804,2472,2932,3964,2632,2838,3076,2656,2330,950,562,3096,2470,2446,2470,2706,3052,3480,3018,3522,616,2981,2239,2330,2830,2462,2652,2864,2466,3116,2394,2278,2166,2390,3138,2418,2726,2450,2794,2560,2951,785,2955,2975,3011,3681,3407
"JN568248",655,671,859,647,2756,2191,3272,2050,2557,2721,2533,2651,2234,2138,413,657,2661,2548,432,2736,3038,650,2512,2310,2536,2584,2468,360,2390,2720,336,2548,814,536,3340,2732,0,2122,2504,3106,2832,578,634,2426,2276,2802,2312,3356,580,448,1918,452,534,634,456,686,1392,634,2668,2680,202,236,2462,422,558,2326,2804,2326,2640,2510,2590,2676,2536,2748,2404,304,276,612,2520,488,516,376,638,492,464,404,2998,390,2376,2206,812,390,2874,2658,2106,492,404,490,278,2674,742,652,2304,3274,373,2863,2378,2944,2738,2364,2724,2952,3044,2334,2694,2322,2724,2856,2446,2622,2574,2568,2696,2955,2425,659,511,859,2669,2875
"JN415532",2757,2207,2849,2607,1394,983,1372,1064,575,2361,2397,2477,858,1002,2195,2083,879,518,2302,586,1098,2078,820,798,576,2432,2532,2388,278,2414,2244,2538,2052,2180,3568,2672,2122,0,2844,3362,2564,2056,1864,2440,706,3010,2766,2806,2138,2250,966,2430,2274,2458,2404,2434,2078,2264,3066,2976,2090,2122,2560,2412,1840,528,688,348,220,520,2896,662,766,702,656,2064,2320,2128,466,2704,2388,2410,2656,2690,2322,2380,796,2274,1114,852,2278,2234,3002,3164,616,2258,2304,2154,2136,672,2064,1872,1152,3776,2447,2369,2144,2614,2362,2242,2626,2436,2790,2316,2560,2192,2356,2844,2408,2484,2068,2382,2546,2407,2405,2537,2785,1955,1219,3265
"JN575585",2483,2763,2517,2721,3286,2845,3462,2798,3241,2459,2165,2115,3396,2908,2179,2127,3283,3572,2206,3402,3660,2620,3396,2958,3638,568,322,2824,3172,868,2290,490,3168,2208,572,570,2504,2844,0,618,592,2588,2978,332,3044,454,452,872,2588,2410,2984,2300,2546,2860,1992,2992,1626,2562,366,750,2718,2850,682,2180,2450,2988,3410,3132,3300,2790,784,3144,3010,3310,3136,2380,2380,2546,3042,2724,2632,2582,3022,2614,2392,2806,3900,2394,2608,2822,2600,2062,764,484,2708,2236,2230,2422,2270,2882,3528,2712,3200,498,2877,1845,1790,1848,1692,1956,2040,2076,2430,1774,1464,1408,1606,2464,1846,2112,1882,2198,2070,2561,567,2573,2615,2951,3339,2623
"JN575591",3221,2947,3035,3521,4526,3751,4064,3758,3883,2777,2831,2757,4384,3732,2487,2929,4169,4204,2592,4266,4236,2846,4362,3754,4076,552,514,3184,3824,642,3010,536,3692,2798,310,550,3106,3362,618,0,620,3074,3482,558,3690,366,796,750,3162,2598,3824,2720,3186,3482,2448,3302,2000,2984,464,776,3338,3462,416,2706,3084,3708,4098,3768,3936,3350,698,3704,3762,3930,4052,2894,2774,3038,3906,3384,3168,3074,3264,2856,2540,3152,4764,2932,3376,3748,2806,2762,768,536,3548,2700,2604,2674,3072,3680,3874,3404,4162,168,3229,2303,2320,2524,2292,2742,2734,2512,3182,2372,2058,2018,2266,3244,2442,2972,2234,2838,2598,3019,697,3191,3331,3163,4207,3279
"JX556940",3113,2911,3343,3355,3430,2935,3114,2902,3057,2495,2307,2399,3450,2944,2629,2493,3109,3342,2670,3258,3256,2714,3218,2894,3368,452,438,3212,2878,266,2796,486,3214,2496,662,610,2832,2564,592,620,0,2860,3104,502,2892,396,688,194,2864,2512,3112,2586,2850,3208,2380,3168,1800,2640,550,764,2956,3204,492,2752,2618,2946,3212,2894,2992,2646,478,2790,2848,2920,3114,2630,2584,2840,3036,3138,3254,3194,3170,3078,2650,3244,3634,2724,2676,2706,2494,2468,812,506,2620,2796,2834,2480,2710,2680,3262,2880,3338,708,3239,1769,2000,2148,1882,2324,2392,1976,2800,1968,1676,1676,1826,2830,1936,2370,1848,2504,2216,2649,561,2929,3259,2795,3271,2675
"JQ013408",913,1097,1191,787,3038,2583,3112,2306,2277,2725,2473,2499,2320,2344,719,721,2661,2608,752,2482,2860,986,2634,2538,2672,2628,2422,730,2130,2750,580,2508,324,690,3426,2794,578,2056,2588,3074,2860,0,292,2390,2490,2698,2124,3272,252,752,2214,670,320,222,600,844,1662,288,2802,2922,752,608,2486,766,376,2466,2686,2312,2546,2700,2682,2670,2530,2668,2602,498,546,16,2352,408,924,640,1132,894,756,704,2972,442,2520,2308,1108,626,2926,2722,2188,802,662,804,846,2756,752,322,2640,3228,689,2795,2394,3032,2952,2364,2584,2852,2968,2418,2796,2382,2964,2918,2450,2574,2770,2422,2728,3035,2395,855,741,415,2845,2751
"HM210481",1115,979,1467,923,2804,2413,2486,2124,2083,2385,2241,2177,2012,2262,881,873,2073,2090,964,2306,2306,936,2004,2208,2212,2882,2712,660,1940,2850,690,2956,232,756,3754,3210,634,1864,2978,3482,3104,292,0,2562,1846,3078,2444,3548,382,682,1880,590,500,592,754,830,1444,246,3132,3210,662,622,2746,784,278,2156,2196,1992,2252,2356,2874,2144,2050,2122,2226,556,558,324,2142,602,1036,654,904,872,882,690,2444,704,2330,2054,928,846,3082,3076,1790,1030,878,660,968,2500,570,268,2260,3608,753,2505,2160,2854,2790,2320,2426,2526,2684,2192,2540,2362,2754,2534,2142,2352,2504,2094,2518,2689,2641,847,963,477,2491,2679
"JF967762",2583,2385,2677,2937,3198,2615,2948,2594,2859,2201,1977,1895,3136,2616,2295,2267,2661,3014,2308,2972,3026,2308,2944,2720,3172,398,158,2684,2676,510,2430,522,2866,2208,560,566,2426,2440,332,558,502,2390,2562,0,2482,378,302,750,2470,2098,2574,2246,2538,2744,1948,2832,1342,2304,248,492,2620,2742,454,2192,2240,2722,2790,2626,2886,2434,652,2570,2542,2750,2828,2324,2172,2384,2750,2652,2626,2592,2762,2570,2358,2720,3306,2356,2266,2368,2204,2166,426,396,2232,2334,2290,2106,2348,2692,3186,2614,2890,514,2883,1613,1584,1830,1640,1894,1928,1820,2346,1592,1422,1402,1564,2318,1586,2160,1724,1948,1900,2321,277,2639,2749,2577,3021,2479
"JX402209",2741,2209,3139,2767,1324,797,758,906,1135,1887,2101,1813,706,934,2439,2139,281,436,2542,1052,608,2118,302,686,662,2808,2672,2340,870,2580,2220,3004,2348,2200,3806,3196,2276,706,3044,3690,2892,2490,1846,2482,0,3174,2898,3220,2404,2200,642,2272,2634,2842,2494,2404,1838,2338,3200,3090,2002,2202,2946,2390,1926,452,316,544,742,440,3144,320,322,414,624,2122,2286,2554,764,2804,2638,2542,2428,2748,2614,2468,436,2458,914,756,2244,2342,2854,3296,598,2406,2530,2152,2214,780,2020,2126,840,3912,2651,1887,1554,2186,1884,2002,2266,1936,2334,1838,2046,1904,1894,2204,1940,2008,1598,1760,2076,2007,2583,2325,2813,2387,1045,2867
"JF967773",2907,2835,2949,3313,3924,3255,3644,3256,3371,2463,2305,2245,3744,3108,2417,2403,3505,3644,2446,3626,3728,2660,3614,3240,3820,478,272,2972,3192,458,2734,482,3128,2438,518,612,2802,3010,454,366,396,2698,3078,378,3174,0,456,522,2652,2394,3214,2518,2848,2954,2220,2948,1682,2506,282,658,2938,3170,264,2574,2608,3292,3534,3292,3494,2990,338,3218,3228,3364,3466,2682,2454,2666,3362,2938,3172,2988,3040,2770,2502,3126,4062,2766,2920,3004,2536,2586,498,284,2998,2546,2538,2380,2570,3100,3518,2890,3546,380,3103,1827,1886,2156,1968,2174,2200,1996,2638,1892,1666,1720,1836,2660,1874,2436,1980,2330,2174,2631,441,2909,2997,2827,3635,2659
"JF967786",2609,2501,2831,2923,3564,2917,3450,2794,3087,2439,2041,2159,3218,2682,2297,2229,3069,3254,2212,3200,3410,2210,3280,2994,3564,850,368,2596,2774,846,2288,662,2586,2216,1032,918,2312,2766,452,796,688,2124,2444,302,2898,456,0,916,2106,2042,2658,2142,2210,2390,1964,2914,1240,2024,584,900,2472,2552,584,2068,2132,3072,3206,2910,3100,2758,680,3026,2908,3050,3080,2250,2150,2106,2906,2408,2734,2528,2874,2474,2298,2624,3706,2188,2524,2598,2084,2108,640,528,2464,2320,2176,2058,2294,2946,3034,2442,3096,702,2795,1827,1872,1948,1964,1934,1994,2074,2582,1782,1596,1600,1794,2602,1624,2440,1958,2176,2036,2609,607,2549,2641,2343,3215,2337
"JF967792",3717,3465,4089,4039,3890,3325,3588,3374,3289,3033,2883,3081,3880,3320,3267,2859,3619,3658,3244,3478,3684,3266,3552,3300,3678,734,660,3836,3192,476,3374,700,3570,3172,920,866,3356,2806,872,750,194,3272,3548,750,3220,522,916,0,3272,3090,3380,3264,3270,3730,3010,3752,2152,3066,762,1118,3494,3800,598,3374,3138,3232,3422,3182,3272,2832,520,2962,3210,3174,3508,3254,3120,3236,3302,3806,3890,3764,3908,3590,3092,3892,3982,3222,3056,3000,3016,3038,1046,758,3014,3482,3476,3022,3304,2940,3776,3298,3694,886,3761,2259,2474,2596,2330,2718,2838,2438,3406,2418,2008,2040,2228,3420,2450,2950,2290,3076,2672,3153,797,3629,3943,3203,3651,3185
"DQ181846",1067,943,1223,879,2792,2481,3082,2180,2307,2561,2195,2377,2176,2148,637,755,2641,2536,708,2558,2996,816,2582,2296,2576,2744,2440,600,2200,2804,642,2694,300,740,3496,2926,580,2138,2588,3162,2864,252,382,2470,2404,2652,2106,3272,0,640,2036,582,274,242,674,746,1348,224,2890,3010,594,650,2554,724,326,2284,2696,2318,2618,2594,2644,2706,2594,2594,2450,590,488,260,2376,342,942,636,1052,822,730,654,2936,556,2374,2186,924,816,3034,2740,2198,888,622,624,724,2600,672,322,2338,3272,649,2657,2286,2968,2836,2278,2424,2676,2816,2206,2620,2354,2830,2734,2166,2464,2708,2254,2574,2881,2427,821,731,423,2549,2743
"DQ181856",841,507,993,909,2694,2161,2850,2002,2537,2129,2015,2039,2186,2128,545,915,2445,2526,680,2824,2626,360,2446,2220,2508,2214,2088,454,2512,2178,594,2396,990,476,2842,2520,448,2250,2410,2598,2512,752,682,2098,2200,2394,2042,3090,640,0,2048,258,742,820,420,798,1250,596,2348,2370,456,548,2160,380,670,2388,2630,2238,2698,2370,2400,2488,2406,2518,2274,362,326,792,2662,588,774,614,648,552,598,572,2838,590,2100,2256,312,600,2602,2478,2072,592,504,114,612,2654,754,798,2300,2878,617,2095,1940,2444,2242,1992,2206,2112,2342,1972,2238,1980,2230,2252,1756,2118,2014,2024,2050,2357,2127,689,583,797,2455,2683
"AY732464",2607,2035,2865,2525,1046,543,1758,630,1089,2545,2451,2461,332,314,2311,1799,929,638,2294,1144,1520,1870,832,568,922,3018,2716,2218,986,2984,1926,3116,2266,2000,4076,3254,1918,966,2984,3824,3112,2214,1880,2574,642,3214,2658,3380,2036,2048,0,2108,2214,2376,2284,2472,1862,2268,3180,3200,1704,1978,2914,2162,1862,674,738,598,952,596,3072,856,930,916,548,1966,2066,2280,712,2426,2544,2316,2590,2546,2332,2272,862,2070,546,508,2014,2020,3020,3336,730,2184,2224,1902,1994,752,2150,2078,292,4012,2571,2391,2052,2744,2378,1970,2272,2516,2582,2236,2494,2378,2352,2474,2296,2342,2256,2156,2340,2563,2659,2227,2569,2165,863,2939
"DQ181807",679,631,915,557,2696,2295,2770,2048,2693,2103,1907,1947,2180,2224,405,697,2489,2648,566,3100,2800,586,2496,2268,2550,2270,2282,456,2698,2418,372,2414,904,286,2902,2554,452,2430,2300,2720,2586,670,590,2246,2272,2518,2142,3264,582,258,2108,0,592,740,310,704,1188,602,2484,2400,460,602,2428,356,554,2364,2792,2458,2780,2572,2482,2746,2512,2680,2406,210,250,700,2700,530,732,494,564,560,610,470,2944,492,2144,2374,576,450,2618,2468,2272,560,498,286,498,2702,744,602,2292,2850,617,2005,1850,2498,2284,1980,2090,2106,2240,1884,2200,1994,2276,2140,1814,1896,2130,1952,2076,2371,2399,481,515,817,2567,2465
"DQ518639",963,961,1259,749,2864,2621,3390,2348,2625,2969,2449,2733,2294,2352,753,757,2999,2752,690,2872,3336,928,2888,2500,2670,2700,2674,614,2498,2976,620,2574,410,766,3554,2796,534,2274,2546,3186,2850,320,500,2538,2634,2848,2210,3270,274,742,2214,592,0,278,668,882,1510,368,2902,2910,724,722,2696,736,390,2408,2928,2518,2734,2682,2832,2982,2856,2926,2658,514,462,312,2486,410,934,588,1102,792,678,628,3204,554,2492,2464,1136,656,3288,2904,2286,946,724,726,826,2884,706,428,2442,3326,503,2911,2480,3166,3006,2402,2706,3046,2994,2438,2806,2468,2938,2916,2566,2564,2884,2564,2928,3253,2679,803,709,443,2719,2853
"DQ518642",927,1061,1203,799,3140,2761,3522,2538,2739,3095,2673,2771,2484,2370,807,839,3061,2950,724,2940,3352,1110,3004,2690,2876,3010,2770,742,2480,3114,732,2794,468,768,3826,3054,634,2458,2860,3482,3208,222,592,2744,2842,2954,2390,3730,242,820,2376,740,278,0,748,890,1780,408,3128,3128,772,640,2880,904,468,2662,3038,2638,2932,3016,3140,3198,2942,3124,2920,616,528,240,2682,256,1028,760,1278,1064,916,794,3234,550,2728,2564,1302,780,3290,2924,2428,996,746,848,762,3070,860,470,2780,3558,695,3149,2576,3404,3218,2632,2884,3204,3134,2640,3188,2720,3274,3116,2732,2774,3182,2674,3020,3423,2735,879,655,509,3061,2933
"DQ518643",649,857,747,549,2872,2489,3190,2240,2803,2065,1999,1973,2548,2404,433,699,2717,2802,484,3068,3004,766,2790,2416,3012,2044,1914,544,2642,2292,466,2222,956,300,2576,2230,456,2404,1992,2448,2380,600,754,1948,2494,2220,1964,3010,674,420,2284,310,668,748,0,752,1272,760,2024,2080,588,602,2108,430,652,2530,3048,2530,2924,2800,2204,2876,2710,2936,2624,350,256,640,2800,626,698,534,702,608,658,616,3224,562,2264,2556,804,418,2432,2132,2312,416,514,494,472,2850,992,746,2548,2602,619,2063,1804,2388,2160,1862,2060,2180,2320,1886,2110,1902,2180,2136,1844,1954,2138,1968,2128,2277,1955,573,477,931,2789,2561
"DQ917242",1237,777,985,923,2980,2635,3062,2416,2651,2849,2519,2595,2542,2556,543,903,2751,2726,686,2984,3192,774,2738,2554,2946,2498,2752,550,2812,2864,762,2780,916,830,3516,2930,686,2434,2992,3302,3168,844,830,2832,2404,2948,2914,3752,746,798,2472,704,882,890,752,0,1944,744,2998,2824,822,888,2798,916,628,2586,3022,2710,2946,2904,2974,3002,2794,2936,2690,770,518,858,2732,760,984,774,530,804,688,736,2980,984,2774,2672,1212,1082,3354,3094,2568,738,668,762,714,2956,948,920,2676,3518,733,3033,2484,3500,3178,2826,3102,3012,3204,2586,3122,2712,3228,3122,2768,2600,2962,2658,2940,3139,2713,831,853,967,2891,3301
"DQ917244",1721,1539,2275,1919,2816,2229,2594,2074,2755,1887,1887,2053,2318,2204,1531,1519,2225,2292,1534,2948,2526,1512,2292,2188,2300,1738,1392,1522,2216,1850,1502,1928,1708,1566,2222,2056,1392,2078,1626,2000,1800,1662,1444,1342,1838,1682,1240,2152,1348,1250,1862,1188,1510,1780,1272,1944,0,1368,1780,1800,1440,1570,1738,1270,1460,1972,2428,2182,2554,2050,1738,2348,2268,2272,2392,1370,1232,1654,2568,1710,1842,1644,1748,1648,1732,1652,2716,1578,1930,2066,1262,1628,1836,1770,1978,1778,1562,1252,1314,2444,1696,1484,2282,2002,1693,1931,1528,1944,1892,1806,2004,2030,2502,1598,1570,1580,1636,2286,1518,2212,1780,2012,1990,2101,1525,1543,1773,1739,2453,2215
"EU045312",1031,979,1409,953,3172,2745,2950,2402,2497,2665,2293,2295,2378,2482,777,795,2681,2608,842,2734,2886,806,2626,2550,2660,2542,2332,580,2368,2524,638,2530,210,812,3276,2836,634,2264,2562,2984,2640,288,246,2304,2338,2506,2024,3066,224,596,2268,602,368,408,760,744,1368,0,2758,2890,696,660,2382,674,288,2488,2696,2466,2774,2702,2474,2644,2526,2564,2674,554,524,272,2520,382,1042,672,866,822,684,660,2994,648,2672,2422,928,826,2834,2654,2172,960,740,584,936,2836,662,286,2614,3094,701,2699,2332,3046,2914,2448,2548,2712,2874,2280,2630,2414,2898,2770,2274,2474,2710,2274,2686,2997,2305,773,789,421,2817,2657
"EF436279",2717,2633,2733,3125,3628,3101,3856,3136,3463,2619,2437,2375,3788,3138,2419,2339,3463,3886,2430,3616,3930,2628,3604,3254,3952,324,244,2946,3362,646,2646,454,3358,2310,356,330,2668,3066,366,464,550,2802,3132,248,3200,282,584,762,2890,2348,3180,2484,2902,3128,2024,2998,1780,2758,0,300,2918,3130,396,2500,2658,3398,3614,3374,3596,3074,544,3234,3316,3540,3426,2576,2310,2800,3510,3012,2990,2922,3066,2764,2542,3086,4162,2702,2800,2978,2560,2356,516,296,3090,2440,2520,2362,2500,3198,3648,3024,3476,430,3075,1923,2058,2360,2064,2220,2356,2134,2716,2032,1830,1856,1934,2636,1992,2464,2160,2430,2240,2635,385,2923,2897,3065,3623,2981
"GQ139573",2697,2385,2751,3029,3544,3109,3692,3266,3381,2829,2633,2569,3730,3152,2385,2483,3275,3720,2314,3560,3884,2532,3498,3296,3800,302,620,2808,3310,868,2664,512,3398,2318,630,268,2680,2976,750,776,764,2922,3210,492,3090,658,900,1118,3010,2370,3200,2400,2910,3128,2080,2824,1800,2890,300,0,2918,3184,730,2578,2682,3334,3596,3340,3432,3106,902,3380,3326,3582,3338,2448,2236,2966,3382,3060,2890,2940,2846,2794,2584,2948,3974,2764,2876,3128,2464,2452,752,506,3184,2446,2554,2276,2576,3312,3430,3080,3522,780,3037,2003,2208,2766,2396,2526,2752,2310,3028,2290,2224,2186,2264,2938,2222,2666,2394,2688,2412,2823,849,2897,2961,3115,3769,3183
"AM746226",813,809,1057,779,2600,2005,2912,1878,2325,2515,2449,2433,1892,1846,519,839,2365,2224,570,2504,2666,854,2168,1990,2342,2824,2586,382,2278,2780,448,2788,902,516,3558,3012,202,2090,2718,3338,2956,752,662,2620,2002,2938,2472,3494,594,456,1704,460,724,772,588,822,1440,696,2918,2918,0,270,2598,566,512,2116,2528,2128,2436,2336,2704,2380,2224,2364,2054,330,360,810,2402,640,674,468,676,660,690,498,2674,470,2088,2036,738,522,2902,2760,1892,528,536,480,342,2432,544,606,2008,3504,487,2617,2292,2832,2582,2432,2642,2696,2922,2292,2592,2340,2710,2724,2308,2506,2468,2384,2506,2759,2607,695,611,929,2361,2905
"EU005258",753,949,929,695,3020,2299,3062,2120,2509,2707,2701,2579,2216,2192,529,873,2493,2362,596,2588,2678,896,2418,2368,2556,3080,2694,482,2274,2994,392,2878,880,642,3772,3162,236,2122,2850,3462,3204,608,622,2742,2202,3170,2552,3800,650,548,1978,602,722,640,602,888,1570,660,3130,3184,270,0,2894,504,534,2314,2622,2172,2544,2508,3024,2618,2288,2582,2398,386,444,680,2400,556,584,490,748,712,722,394,2730,406,2426,2352,902,468,3172,2960,1910,536,440,658,476,2758,600,732,2530,3676,493,2963,2360,2856,2680,2508,2840,2994,3022,2382,2790,2334,2824,2962,2530,2666,2550,2536,2728,2973,2649,671,523,831,2747,2901
"AB111086",2943,2503,2795,3261,3646,2983,3554,3036,2971,2497,2503,2461,3480,2846,2213,2443,3341,3294,2268,3208,3456,2376,3374,2994,3466,502,420,2690,2790,542,2634,562,2880,2368,660,572,2462,2560,682,416,492,2486,2746,454,2946,264,584,598,2554,2160,2914,2428,2696,2880,2108,2798,1738,2382,396,730,2598,2894,0,2400,2420,3154,3308,2922,3042,2766,282,2854,3004,3074,3140,2536,2280,2466,3134,2896,2930,2698,2852,2438,2198,2866,3872,2604,2820,2716,2238,2440,590,460,2694,2330,2306,2110,2484,2842,3240,2696,3308,498,2781,1895,2048,2294,2104,2402,2458,2172,2930,2112,1784,1912,1982,2888,2024,2732,1978,2478,2292,2671,547,2937,3079,2621,3451,2883
"AB111452",701,757,937,633,2850,2343,3130,2094,2883,2577,2329,2279,2366,2384,455,695,2659,2688,684,3134,2924,452,2686,2494,2750,2354,2204,514,2796,2652,310,2460,1052,582,2882,2588,422,2412,2180,2706,2752,766,784,2192,2390,2574,2068,3374,724,380,2162,356,736,904,430,916,1270,674,2500,2578,566,504,2400,0,784,2374,2746,2434,2918,2554,2574,2774,2508,2736,2518,348,478,770,2656,644,594,550,756,614,680,538,3128,496,2336,2444,686,406,2640,2598,2226,550,458,408,564,2898,1056,792,2442,2902,767,2589,2192,2764,2598,2250,2444,2724,2696,2276,2524,2244,2568,2630,2208,2350,2442,2302,2622,2815,2295,585,503,1077,2799,2757
"FJ931535",979,951,1085,785,2538,2319,2466,2010,1971,2381,2109,2075,1880,2022,663,707,2207,2158,734,2184,2488,1010,2178,2070,2342,2398,2322,502,2004,2496,564,2406,314,612,3258,2634,558,1840,2450,3084,2618,376,278,2240,1926,2608,2132,3138,326,670,1862,554,390,468,652,628,1460,288,2658,2682,512,534,2420,784,0,2056,2340,2050,2188,2270,2524,2268,2110,2178,2078,446,396,406,2006,454,910,526,826,786,692,504,2486,640,2150,2016,924,688,2872,2584,1756,794,654,622,724,2414,550,328,2130,3200,623,2373,1968,2706,2508,2228,2420,2432,2534,1988,2338,2116,2578,2474,2098,2116,2422,2020,2408,2641,2283,721,703,455,2293,2567
"AF425622",2825,2253,3015,2579,1080,671,1148,780,1111,2223,2219,2249,606,704,2323,2031,747,562,2498,1090,1014,2168,664,482,410,2834,2866,2488,824,2776,2208,3080,2368,2294,3968,3202,2326,528,2988,3708,2946,2466,2156,2722,452,3292,3072,3232,2284,2388,674,2364,2408,2662,2530,2586,1972,2488,3398,3334,2116,2314,3154,2374,2056,0,456,448,592,296,3340,614,696,618,648,2146,2342,2492,642,2818,2592,2518,2726,2858,2530,2548,662,2370,712,686,2508,2274,3216,3516,672,2338,2510,2324,2160,616,2186,2124,598,4068,2691,2319,1802,2542,2028,2030,2408,2376,2530,2168,2438,2142,2134,2420,2396,2152,1916,2096,2498,2319,2749,2393,2743,2339,887,3061
"AF425625",3197,2601,3597,3107,1338,759,908,906,1171,2227,2255,2103,684,880,2925,2409,351,532,3100,1022,588,2474,382,796,664,3140,2924,2902,810,2846,2652,3320,2666,2632,4150,3492,2804,688,3410,4098,3212,2686,2196,2790,316,3534,3206,3422,2696,2630,738,2792,2928,3038,3048,3022,2428,2696,3614,3596,2528,2622,3308,2746,2340,456,0,412,684,412,3590,270,272,252,630,2544,2778,2760,726,3244,2986,3106,3166,3326,3152,3010,290,2686,816,624,2554,2646,3120,3696,598,2928,3020,2528,2716,794,2416,2462,830,4402,3257,2179,1886,2596,2224,2112,2332,2166,2394,2102,2504,2206,2310,2462,2278,2168,2054,1982,2362,2285,2799,2889,3281,2563,1093,3103
"AF425627",2941,2271,3045,2703,1088,621,1144,750,557,2277,2283,2171,598,632,2469,2305,669,222,2592,602,816,2134,560,434,428,2876,2730,2590,344,2616,2372,3086,2320,2204,3950,3166,2326,348,3132,3768,2894,2312,1992,2626,544,3292,2910,3182,2318,2238,598,2458,2518,2638,2530,2710,2182,2466,3374,3340,2128,2172,2922,2434,2050,448,412,0,240,304,3212,480,568,472,376,2202,2420,2392,312,2822,2658,2702,2826,2898,2654,2608,416,2440,594,502,2292,2376,3200,3506,276,2458,2518,2186,2294,476,2222,2166,704,4162,2765,2297,1790,2386,1990,1888,2286,2300,2370,2154,2406,2168,2122,2342,2274,2190,1904,2022,2416,2327,2593,2551,2945,2195,887,3093
"AF425612",3283,2585,3371,3031,1292,955,1274,1046,503,2679,2657,2649,750,900,2719,2633,881,358,2812,530,1060,2572,756,658,524,2952,3030,2862,306,2758,2734,3028,2472,2546,4164,3180,2640,220,3300,3936,2992,2546,2252,2886,742,3494,3100,3272,2618,2698,952,2780,2734,2932,2924,2946,2554,2774,3596,3432,2436,2544,3042,2918,2188,592,684,240,0,502,3330,704,778,630,520,2478,2744,2634,344,3204,2982,2906,3154,3218,2880,2876,618,2804,942,792,2692,2744,3364,3632,564,2766,2828,2586,2592,600,2472,2294,1012,4324,3001,2547,2300,2848,2498,2420,2822,2642,2918,2604,2850,2578,2622,2962,2722,2674,2338,2568,2794,2741,2941,2979,3367,2379,1087,3491
"AF425619",3063,2347,3251,3023,992,493,1084,686,823,2217,2253,2253,556,656,2609,2277,735,480,2824,844,896,2208,572,498,458,2644,2550,2742,704,2410,2514,2810,2736,2456,3562,2944,2510,520,2790,3350,2646,2700,2356,2434,440,2990,2758,2832,2594,2370,596,2572,2682,3016,2800,2904,2050,2702,3074,3106,2336,2508,2766,2554,2270,296,412,304,502,0,3052,370,534,466,442,2370,2618,2726,500,3088,2910,2870,3002,3014,2728,2752,568,2670,606,538,2396,2508,2998,3302,522,2568,2670,2330,2460,538,2488,2444,610,3766,2953,2139,1732,2202,1796,1874,2328,2198,2366,2030,2120,1910,1826,2366,2234,2134,1658,2106,2298,2265,2451,2653,3043,2519,791,3111
"HM237348",3021,2817,3075,3345,3946,3321,3782,3342,3189,2805,2675,2667,3666,3114,2425,2515,3567,3504,2440,3450,3784,2652,3532,3166,3804,702,538,2900,3126,676,2664,726,2990,2432,874,888,2590,2896,784,698,478,2682,2874,652,3144,338,680,520,2644,2400,3072,2482,2832,3140,2204,2974,1738,2474,544,902,2704,3024,282,2574,2524,3340,3590,3212,3330,3052,0,3158,3318,3292,3268,2616,2386,2676,3288,3020,3176,2878,2880,2558,2308,3034,4146,2752,3084,2888,2434,2554,662,484,3014,2536,2584,2290,2594,2862,3324,2754,3504,722,3011,1985,2316,2546,2314,2450,2494,2332,3090,2216,1910,2102,2144,3014,2148,2792,2194,2668,2528,2957,717,3019,3255,2797,3669,2845
"JF297573",3195,2587,3575,3209,1238,763,786,874,999,2021,2295,2117,810,988,2857,2375,487,642,3158,886,468,2502,406,744,756,2888,2654,2868,742,2468,2646,3112,2624,2512,3754,3218,2676,662,3144,3704,2790,2670,2144,2570,320,3218,3026,2962,2706,2488,856,2746,2982,3198,2876,3002,2348,2644,3234,3380,2380,2618,2854,2774,2268,614,270,480,704,370,3158,0,238,244,572,2508,2744,2730,848,3298,3062,3082,3138,3272,3094,3050,478,2700,834,552,2450,2596,2972,3452,628,2800,2984,2428,2632,708,2340,2370,942,4058,3155,1983,1778,2228,1868,2140,2400,1970,2482,2038,2080,1990,1974,2418,2102,2210,1720,2018,2218,2093,2465,2867,3283,2567,1003,3179
"JF297574",2861,2597,3315,2897,1392,813,656,888,1153,1833,2039,1805,858,1022,2619,2259,315,664,2922,950,350,2406,400,966,900,2950,2628,2668,854,2548,2382,3056,2624,2352,3776,3250,2536,766,3010,3762,2848,2530,2050,2542,322,3228,2908,3210,2594,2406,930,2512,2856,2942,2710,2794,2268,2526,3316,3326,2224,2288,3004,2508,2110,696,272,568,778,534,3318,238,0,258,674,2266,2606,2612,836,3058,2812,2856,2832,3148,3012,2742,462,2494,992,784,2372,2366,2846,3338,566,2540,2708,2326,2404,1036,2188,2240,1130,4012,3031,1821,1582,2032,1728,2036,2270,1828,2226,1836,2026,1790,1898,2298,1930,1952,1620,1824,1960,1931,2517,2533,2983,2493,1139,2853
"JF297578",3219,2627,3669,3139,1338,871,872,896,1121,1979,1999,1941,822,1026,2861,2483,447,606,3116,984,538,2488,482,854,734,3080,2756,2822,752,2542,2730,3354,2544,2588,3938,3498,2748,702,3310,3930,2920,2668,2122,2750,414,3364,3050,3174,2594,2518,916,2680,2926,3124,2936,2936,2272,2564,3540,3582,2364,2582,3074,2736,2178,618,252,472,630,466,3292,244,258,0,572,2476,2700,2734,842,3192,3020,3142,3112,3286,3110,2948,458,2772,850,652,2372,2726,2990,3530,594,2880,3008,2416,2616,848,2272,2296,956,4242,3191,1993,1792,2396,2024,2006,2168,1944,2250,1964,2258,2084,2152,2364,2118,2028,1936,1896,2196,2063,2637,2793,3281,2441,951,2901
"JN029812",2873,2305,3021,2735,706,513,1204,604,615,2459,2375,2247,316,480,2497,2301,679,464,2682,746,1046,2226,604,372,774,2982,2848,2476,698,2922,2344,3146,2630,2126,4010,3236,2404,656,3136,4052,3114,2602,2226,2828,624,3466,3080,3508,2450,2274,548,2406,2658,2920,2624,2690,2392,2674,3426,3338,2054,2398,3140,2518,2078,648,630,376,520,442,3268,572,674,572,0,2198,2550,2706,504,2864,2664,2738,2828,2898,2726,2600,574,2530,524,464,2264,2402,3328,3640,660,2390,2534,2166,2368,396,2302,2310,510,4380,2853,2221,2078,2634,2232,2020,2366,2290,2422,2248,2450,2300,2278,2444,2296,2164,2128,2092,2408,2451,2835,2559,2889,2507,697,3341
"JN196578",431,753,849,389,2638,2159,2810,1966,2367,2395,2205,2187,2004,2072,411,561,2375,2464,462,2632,2740,700,2364,2188,2334,2338,2342,416,2394,2512,202,2300,780,234,2976,2496,304,2064,2380,2894,2630,498,556,2324,2122,2682,2250,3254,590,362,1966,210,514,616,350,770,1370,554,2576,2448,330,386,2536,348,446,2146,2544,2202,2478,2370,2616,2508,2266,2476,2198,0,276,550,2326,478,518,404,632,602,540,370,2830,298,2132,2278,710,216,2758,2558,2026,430,442,436,448,2578,638,462,2246,3054,495,2423,2146,2794,2510,2134,2346,2494,2518,2176,2570,2146,2608,2470,2160,2060,2360,2196,2362,2609,2427,415,359,767,2547,2635
"JF804032",669,541,803,569,2772,2349,3116,2170,2733,2459,2211,2315,2362,2224,407,609,2623,2680,430,2992,3014,648,2596,2336,2644,2222,2220,370,2612,2416,460,2376,674,368,2936,2424,276,2320,2380,2774,2584,546,558,2172,2286,2454,2150,3120,488,326,2066,250,462,528,256,518,1232,524,2310,2236,360,444,2280,478,396,2342,2778,2420,2744,2618,2386,2744,2606,2700,2550,276,0,580,2714,444,706,426,608,484,500,452,2980,512,2244,2348,740,454,2600,2360,2210,558,484,370,350,2790,700,562,2346,2876,403,2477,2066,2920,2562,2196,2442,2564,2650,2116,2540,2288,2606,2474,2216,2256,2512,2256,2518,2699,2223,581,473,665,2617,2731
"JF804036",957,1125,1223,835,3068,2623,3146,2322,2369,2769,2487,2547,2370,2410,743,711,2759,2696,802,2570,2928,990,2710,2602,2734,2612,2416,774,2224,2756,606,2524,328,764,3400,2820,612,2128,2546,3038,2840,16,324,2384,2554,2666,2106,3236,260,792,2280,700,312,240,640,858,1654,272,2800,2966,810,680,2466,770,406,2492,2760,2392,2634,2726,2676,2730,2612,2734,2706,550,580,0,2432,424,986,658,1162,902,744,744,3060,486,2574,2352,1166,662,2948,2744,2244,830,680,854,874,2822,828,318,2662,3178,717,2851,2422,3048,2972,2400,2636,2920,3038,2452,2802,2388,2980,2962,2510,2616,2812,2484,2792,3093,2385,887,781,449,2879,2781
"EU448410",3049,2605,3141,2763,1264,995,1366,1090,371,2803,2613,2421,616,802,2639,2283,983,368,2696,420,1294,2360,846,712,718,2918,2912,2772,518,2924,2370,2902,2340,2376,4120,3156,2520,466,3042,3906,3036,2352,2142,2750,764,3362,2906,3302,2376,2662,712,2700,2486,2682,2800,2732,2568,2520,3510,3382,2402,2400,3134,2656,2006,642,726,312,344,500,3288,848,836,842,504,2326,2714,2432,0,2854,2890,2778,2960,3096,2708,2664,742,2626,990,784,2686,2544,3466,3652,550,2578,2640,2494,2560,652,2488,2218,880,4254,2983,2579,2126,2710,2408,2148,2586,2702,2628,2426,2724,2406,2492,2712,2594,2342,2246,2282,2680,2809,2821,2615,3025,2269,1133,3179
"EU448419",743,919,1023,709,3064,2803,3614,2550,2925,3099,2617,2511,2544,2544,679,841,3057,3054,598,3186,3542,872,3076,2700,2954,2940,2666,584,2856,2984,600,2814,646,592,3612,3122,488,2704,2724,3384,3138,408,602,2652,2804,2938,2408,3806,342,588,2426,530,410,256,626,760,1710,382,3012,3060,640,556,2896,644,454,2818,3244,2822,3204,3088,3020,3298,3058,3192,2864,478,444,424,2854,0,844,638,1006,848,734,592,3446,572,2806,2626,1098,684,3164,2852,2554,854,594,668,670,3050,916,518,2792,3450,585,3111,2580,3324,3142,2532,2696,3162,2934,2572,3054,2654,3144,2914,2608,2554,3034,2480,2986,3441,2639,619,459,647,3039,2787
"FJ807632",839,921,629,643,3228,2611,3438,2378,3023,2631,2507,2521,2688,2676,345,1085,2859,2886,426,3258,3360,1022,3030,2648,2930,2766,2638,436,2800,2978,548,2770,1248,762,3224,2824,516,2388,2632,3168,3254,924,1036,2626,2638,3172,2734,3890,942,774,2544,732,934,1028,698,984,1842,1042,2990,2890,674,584,2930,594,910,2592,2986,2658,2982,2910,3176,3062,2812,3020,2664,518,706,986,2890,844,0,470,744,562,634,390,3204,530,2608,2792,1090,582,3120,2910,2444,528,364,878,756,3026,1118,1148,2798,3354,477,3025,2482,3072,2834,2502,2618,2954,2914,2272,2796,2268,2986,2962,2626,2608,2784,2474,2800,2961,2691,977,685,1221,3203,3291
"FJ807634",803,939,607,639,3288,2705,3318,2492,2799,2675,2627,2595,2500,2544,313,969,2987,2782,318,3156,3312,966,2958,2526,2840,2734,2724,262,2812,3062,454,2704,786,692,3380,2888,376,2410,2582,3074,3194,640,654,2592,2542,2988,2528,3764,636,614,2316,494,588,760,534,774,1644,672,2922,2940,468,490,2698,550,526,2518,3106,2702,2906,2870,2878,3082,2856,3142,2738,404,426,658,2778,638,470,0,544,210,276,206,3394,590,2712,2930,1030,540,3224,2908,2432,392,234,696,694,3030,948,724,2584,3200,291,2939,2470,3056,2882,2556,2732,3018,3058,2448,2740,2432,2938,2854,2566,2696,2688,2540,2806,3025,2791,747,599,947,2999,3239
"FJ807635",1223,863,959,1013,3564,2883,3154,2606,3019,2409,2281,2209,2698,2810,477,1227,2837,2696,636,3292,3166,770,2878,2658,3040,2658,2784,378,3002,2880,734,2982,1212,848,3458,3150,638,2656,3022,3264,3170,1132,904,2762,2428,3040,2874,3908,1052,648,2590,564,1102,1278,702,530,1748,866,3066,2846,676,748,2852,756,826,2726,3166,2826,3154,3002,2880,3138,2832,3112,2828,632,608,1162,2960,1006,744,544,0,492,526,430,3238,1070,2944,3010,966,1018,3230,3066,2528,506,556,644,840,3180,968,1144,2776,3476,635,2639,2292,3008,2790,2556,2706,2698,2834,2164,2702,2414,2836,2638,2386,2428,2460,2296,2634,2731,2773,831,929,1177,3201,2979
"FJ807637",1057,917,639,911,3550,2895,3646,2712,3125,2537,2475,2519,2816,2792,329,1127,3211,3008,336,3528,3570,818,3208,2756,3172,2606,2612,294,3074,2910,658,2692,1012,794,3138,2804,492,2690,2614,2856,3078,894,872,2570,2748,2770,2474,3590,822,552,2546,560,792,1064,608,804,1648,822,2764,2794,660,712,2438,614,786,2858,3326,2898,3218,3014,2558,3272,3148,3286,2898,602,484,902,3096,848,562,210,492,0,184,276,3626,888,2910,3104,888,776,3136,2824,2674,452,268,658,862,3172,1184,1088,2816,3016,303,2793,2396,2950,2816,2308,2530,2868,2844,2232,2574,2346,2736,2668,2388,2588,2522,2406,2728,2883,2693,937,829,1079,3231,3125
"FJ807638",1039,869,741,917,3248,2661,3502,2434,2727,2737,2503,2603,2550,2438,339,929,3177,2844,320,3120,3558,702,3150,2474,2792,2276,2370,374,2822,2524,590,2300,904,816,2874,2472,464,2322,2392,2540,2650,756,882,2358,2614,2502,2298,3092,730,598,2332,610,678,916,658,688,1732,684,2542,2584,690,722,2198,680,692,2530,3152,2654,2880,2728,2308,3094,3012,3110,2726,540,500,744,2708,734,634,276,526,184,0,298,3474,778,2764,2860,1014,692,2958,2602,2484,454,286,680,850,2836,1188,950,2584,2762,381,2919,2502,3174,2898,2376,2634,2986,2950,2350,2764,2404,2894,2828,2584,2558,2608,2496,2788,3069,2397,871,811,891,2987,3047
"FJ807639",835,849,685,675,3248,2687,3272,2402,2783,2561,2485,2439,2438,2526,299,961,2835,2670,378,3110,3222,782,2942,2600,2792,2860,2772,224,2712,3090,466,2802,850,708,3396,2932,404,2380,2806,3152,3244,704,690,2720,2468,3126,2624,3892,654,572,2272,470,628,794,616,736,1652,660,3086,2948,498,394,2866,538,504,2548,3010,2608,2876,2752,3034,3050,2742,2948,2600,370,452,744,2664,592,390,206,430,276,298,0,3214,608,2670,2874,874,592,3296,2988,2406,426,216,656,800,3058,792,848,2616,3340,303,2883,2388,3058,2892,2440,2638,2936,2862,2212,2736,2346,2940,2806,2500,2534,2648,2362,2720,2889,2805,657,581,815,2959,3005
"KP858119",3511,2719,3725,3297,1228,761,768,866,1079,2479,2563,2393,670,920,3107,2705,389,412,3316,1004,542,2712,384,732,856,3552,3398,3070,730,3214,2912,3830,2892,2790,4828,3964,2998,796,3900,4764,3634,2972,2444,3306,436,4062,3706,3982,2936,2838,862,2944,3204,3234,3224,2980,2716,2994,4162,3974,2674,2730,3872,3128,2486,662,290,416,618,568,4146,478,462,458,574,2830,2980,3060,742,3446,3204,3394,3238,3626,3474,3214,0,2980,770,686,2732,3002,3766,4212,636,3112,3212,2720,2834,776,2478,2754,920,5126,3467,2395,1998,2692,2338,2406,2760,2344,2726,2300,2652,2398,2460,2746,2556,2450,2292,2320,2562,2539,3273,3095,3513,2787,1077,3475
"KT012508",671,979,1031,619,2934,2287,3070,2074,2635,2761,2617,2727,2208,2152,567,637,2609,2774,670,2882,2918,906,2668,2522,2724,2550,2368,672,2586,2666,222,2310,914,504,3216,2632,390,2274,2394,2932,2724,442,704,2356,2458,2766,2188,3222,556,590,2070,492,554,550,562,984,1578,648,2702,2764,470,406,2604,496,640,2370,2686,2440,2804,2670,2752,2700,2494,2772,2530,298,512,486,2626,572,530,590,1070,888,778,608,2980,0,2252,2298,892,178,2768,2608,2226,624,518,686,588,2812,646,658,2496,3116,663,2791,2498,2986,2782,2562,2760,2838,3134,2474,2792,2266,2934,3130,2480,2664,2688,2644,2620,3047,2423,713,517,759,2773,2995
"KJ939388",2753,2129,2865,2555,774,467,1374,416,1241,2033,1943,2001,542,446,2419,2083,949,876,2650,1356,1274,2124,996,488,1046,2564,2318,2572,1074,2470,2270,2910,2724,2002,3412,2838,2376,1114,2608,3376,2676,2520,2330,2266,914,2920,2524,3056,2374,2100,546,2144,2492,2728,2264,2774,1930,2672,2800,2876,2088,2426,2820,2336,2150,712,816,594,942,606,3084,834,992,850,524,2132,2244,2574,990,2806,2608,2712,2944,2910,2764,2670,770,2252,0,456,2116,2166,2822,3116,822,2378,2476,2104,2182,724,2406,2456,352,3662,2931,1905,1564,2216,1714,1584,1858,1898,2064,1780,2014,1842,1884,1994,1962,1864,1950,1804,1974,2033,2273,2509,2727,2449,617,2945
"KJ939367",2925,2123,3149,2815,712,469,1404,498,947,2421,2209,2261,520,474,2541,1969,779,794,2838,874,1156,2078,676,568,886,2708,2434,2694,768,2520,2302,2988,2450,2142,3786,3076,2206,852,2822,3748,2706,2308,2054,2368,756,3004,2598,3000,2186,2256,508,2374,2464,2564,2556,2672,2066,2422,2978,3128,2036,2352,2716,2444,2016,686,624,502,792,538,2888,552,784,652,464,2278,2348,2352,784,2626,2792,2930,3010,3104,2860,2874,686,2298,456,0,2230,2316,2772,3200,722,2572,2644,2146,2094,520,2332,2172,510,3960,2985,2175,1878,2488,2046,1926,2272,2262,2476,2036,2290,2132,2112,2418,2170,2200,2098,2044,2348,2451,2239,2649,2935,2287,759,2853
"KJ939402",1349,831,1513,1393,2706,2279,2822,2072,2563,1955,2015,2091,2140,2230,929,1099,2269,2464,1086,2736,2502,542,2352,2444,2774,2286,2138,798,2476,2180,902,2536,1288,910,3042,2656,812,2278,2600,2806,2494,1108,928,2204,2244,2536,2084,3016,924,312,2014,576,1136,1302,804,1212,1262,928,2560,2464,738,902,2238,686,924,2508,2554,2292,2692,2396,2434,2450,2372,2372,2264,710,740,1166,2686,1098,1090,1030,966,888,1014,874,2732,892,2116,2230,0,992,2706,2580,2230,966,890,284,1040,2804,872,1140,2318,3158,1119,1817,1958,2304,2288,1998,2158,1848,2402,1888,2088,1888,2188,2396,1486,2130,1938,2058,1724,2131,2217,1081,1115,1067,2565,2431
"KM216699",577,1069,909,519,2722,2145,3060,1950,2687,2601,2433,2483,2172,2114,529,481,2521,2780,614,2934,2890,894,2556,2352,2722,2282,2194,704,2654,2522,170,2114,1092,344,2846,2330,390,2234,2062,2762,2468,626,846,2166,2342,2586,2108,3038,816,600,2020,450,656,780,418,1082,1628,826,2356,2452,522,468,2440,406,688,2274,2646,2376,2744,2508,2554,2596,2366,2726,2402,216,454,662,2544,684,582,540,1018,776,692,592,3002,178,2166,2316,992,0,2632,2422,2106,498,518,724,530,2648,940,756,2368,2870,673,2567,2290,2762,2508,2240,2490,2666,2744,2274,2530,2100,2590,2696,2322,2270,2416,2414,2526,2809,2271,561,413,967,2631,2837
"JQ686066",2971,2859,3305,3457,3950,3087,3494,3174,3559,2543,2373,2211,3680,3066,2699,2761,2961,3498,2714,3642,3404,2864,3208,3280,3630,830,468,3142,3150,664,2898,830,3482,2566,784,950,2874,3002,764,768,812,2926,3082,426,2854,498,640,1046,3034,2602,3020,2618,3288,3290,2432,3354,1836,2834,516,752,2902,3172,590,2640,2872,3216,3120,3200,3364,2998,662,2972,2846,2990,3328,2758,2600,2948,3466,3164,3120,3224,3230,3136,2958,3296,3766,2768,2822,2772,2706,2632,0,270,2854,2776,2860,2548,2690,3112,3616,3026,3432,686,3455,1819,2128,2460,2236,2422,2258,2088,2788,2056,1998,2044,2190,2798,2038,2676,2282,2354,2274,2701,647,3167,3295,3159,3675,2767
"JQ686058",2741,2815,2895,3147,4118,3397,3910,3470,3669,2559,2405,2313,3982,3308,2397,2555,3491,3878,2268,3816,3936,2884,3642,3418,4006,630,330,2890,3312,560,2708,518,3256,2350,530,562,2658,3164,484,536,506,2722,3076,396,3296,284,528,758,2740,2478,3336,2468,2904,2924,2132,3094,1770,2654,296,506,2760,2960,460,2598,2584,3516,3696,3506,3632,3302,484,3452,3338,3530,3640,2558,2360,2744,3652,2852,2910,2908,3066,2824,2602,2988,4212,2608,3116,3200,2580,2422,270,0,3148,2532,2542,2436,2474,3310,3450,2890,3778,464,3053,1879,2094,2366,2150,2352,2300,2110,2786,1990,1862,1888,2088,2788,1984,2560,2248,2432,2216,2707,527,2899,2959,2965,3977,2721
"AB915384",2721,2289,2833,2559,1468,855,1174,938,897,2087,1897,1855,784,786,2387,2259,773,410,2384,896,934,2152,770,664,714,2726,2434,2354,618,2346,2172,2818,2160,1968,3694,3096,2106,616,2708,3548,2620,2188,1790,2232,598,2998,2464,3014,2198,2072,730,2272,2286,2428,2312,2568,1978,2172,3090,3184,1892,1910,2694,2226,1756,672,598,276,564,522,3014,628,566,594,660,2026,2210,2244,550,2554,2444,2432,2528,2674,2484,2406,636,2226,822,722,2230,2106,2854,3148,0,2228,2324,2034,1990,852,2112,1988,862,3790,2515,2099,1542,1942,1610,1782,2048,2128,2040,1866,2030,1852,1802,2054,1998,1914,1656,1766,2212,2197,2309,2251,2637,2003,1053,2761
"KJ806918",863,993,461,737,2926,2233,3176,2092,2525,2275,2265,2183,2254,2178,225,899,2647,2624,394,2716,2998,820,2696,2314,2870,2270,2256,448,2564,2636,390,2328,1276,532,2936,2470,492,2258,2236,2700,2796,802,1030,2334,2406,2546,2320,3482,888,592,2184,560,946,996,416,738,1778,960,2440,2446,528,536,2330,550,794,2338,2928,2458,2766,2568,2536,2800,2540,2880,2390,430,558,830,2578,854,528,392,506,452,454,426,3112,624,2378,2572,966,498,2776,2532,2228,0,188,712,600,2740,1032,1020,2414,2946,521,2445,2156,2578,2328,2186,2466,2546,2644,2182,2452,2048,2466,2536,2238,2248,2152,2224,2340,2515,2331,755,577,1185,2789,2975
"KJ806910",837,827,379,711,3036,2373,3268,2162,2607,2475,2397,2369,2372,2268,115,905,2829,2722,262,2922,3224,716,2930,2422,2844,2360,2252,312,2618,2688,388,2300,1052,612,2884,2446,404,2304,2230,2604,2834,662,878,2290,2530,2538,2176,3476,622,504,2224,498,724,746,514,668,1562,740,2520,2554,536,440,2306,458,654,2510,3020,2518,2828,2670,2584,2984,2708,3008,2534,442,484,680,2640,594,364,234,556,268,286,216,3212,518,2476,2644,890,518,2860,2542,2324,188,0,642,612,2824,1018,944,2554,2774,335,2747,2268,2760,2578,2328,2560,2788,2814,2196,2544,2130,2668,2782,2340,2504,2400,2350,2544,2817,2323,753,553,957,2865,3065
"KT175137",983,497,1145,963,2586,2165,2768,2036,2383,2213,1981,2061,2052,2044,615,897,2421,2372,732,2676,2608,392,2340,2150,2452,2128,2138,420,2418,2206,616,2392,920,572,2920,2470,490,2154,2422,2674,2480,804,660,2106,2152,2380,2058,3022,624,114,1902,286,726,848,494,762,1252,584,2362,2276,480,658,2110,408,622,2324,2528,2186,2586,2330,2290,2428,2326,2416,2166,436,370,854,2494,668,878,696,644,658,680,656,2720,686,2104,2146,284,724,2548,2436,2034,712,642,0,648,2588,726,732,2144,2988,761,1977,1946,2550,2342,2050,2242,2064,2364,2002,2226,2114,2276,2272,1754,2122,2130,2048,2034,2393,2191,779,739,803,2453,2623
"KC848581",727,875,909,699,2602,2079,3112,1946,2645,2405,2091,2295,2208,2060,515,639,2527,2552,554,2774,2936,904,2402,2156,2496,2426,2254,642,2442,2562,488,2488,1152,450,3158,2706,278,2136,2270,3072,2710,846,968,2348,2214,2570,2294,3304,724,612,1994,498,826,762,472,714,1314,936,2500,2576,342,476,2484,564,724,2160,2716,2294,2592,2460,2594,2632,2404,2616,2368,448,350,874,2560,670,756,694,840,862,850,800,2834,588,2182,2094,1040,530,2690,2474,1990,600,612,648,0,2540,1016,754,2250,3144,651,2549,2040,2596,2334,2124,2408,2588,2590,2088,2482,2090,2394,2498,2172,2168,2368,2314,2448,2597,2243,679,507,1097,2523,2627
"KC848580",3319,2581,3307,3007,986,669,1488,800,831,2535,2425,2329,632,646,2651,2447,1019,646,2734,1042,1370,2506,778,216,734,2780,2638,2914,720,2588,2660,2924,2786,2348,3760,3052,2674,672,2882,3680,2680,2756,2500,2692,780,3100,2946,2940,2600,2654,752,2702,2884,3070,2850,2956,2444,2836,3198,3312,2432,2758,2842,2898,2414,616,794,476,600,538,2862,708,1036,848,396,2578,2790,2822,652,3050,3026,3030,3180,3172,2836,3058,776,2812,724,520,2804,2648,3112,3310,852,2740,2824,2588,2540,0,2788,2536,704,3940,3095,2329,2100,2664,2234,2018,2254,2382,2526,2240,2378,2316,2214,2466,2438,2236,2060,2142,2626,2613,2603,2865,3273,2701,949,3315
"KF752596",1307,1125,1679,1157,2956,2481,2526,2306,2359,2619,2673,2671,2068,2348,963,1193,2217,2214,1106,2496,2274,1174,2142,2416,2384,3206,3222,710,2204,3122,764,3176,750,976,4322,3480,742,2064,3528,3874,3262,752,570,3186,2020,3518,3034,3776,672,754,2150,744,706,860,992,948,1696,662,3648,3430,544,600,3240,1056,550,2186,2416,2222,2472,2488,3324,2340,2188,2272,2302,638,700,828,2488,916,1118,948,968,1184,1188,792,2478,646,2406,2332,872,940,3616,3450,2112,1032,1018,726,1016,2788,0,648,2486,4288,735,2679,2470,3054,2922,2874,3152,2702,3308,2562,2860,2520,3002,3186,2488,2800,2568,2648,2710,2907,3187,1027,1029,689,2597,3135
"KM279408",865,1123,1481,795,2656,2449,2680,2208,2079,2723,2431,2447,2028,2264,875,711,2397,2340,942,2294,2624,1116,2194,2288,2242,2748,2656,784,2078,2820,634,2720,292,672,3566,3018,652,1872,2712,3404,2880,322,268,2614,2126,2890,2442,3298,322,798,2078,602,428,470,746,920,1484,286,3024,3080,606,732,2696,792,328,2124,2462,2166,2294,2444,2754,2370,2240,2296,2310,462,562,318,2218,518,1148,724,1144,1088,950,848,2754,658,2456,2172,1140,756,3026,2890,1988,1020,944,732,754,2536,648,0,2340,3488,779,2659,2446,3120,2938,2552,2694,2760,2960,2540,2806,2556,2988,2828,2426,2452,2824,2476,2750,2979,2663,801,819,589,2553,2895
"AB873104",2965,2167,3033,2695,744,507,1652,516,1193,2479,2163,2291,282,308,2533,2127,1073,766,2634,1306,1650,2070,936,380,916,3154,3038,2438,1182,3174,2298,3486,2580,2216,4242,3522,2304,1152,3200,4162,3338,2640,2260,2890,840,3546,3096,3694,2338,2300,292,2292,2442,2780,2548,2676,2282,2614,3476,3522,2008,2530,3308,2442,2130,598,830,704,1012,610,3504,942,1130,956,510,2246,2346,2662,880,2792,2798,2584,2776,2816,2584,2616,920,2496,352,510,2318,2368,3432,3778,862,2414,2554,2144,2250,704,2486,2340,0,4416,2903,2339,2060,2856,2330,1914,2174,2420,2398,2218,2550,2464,2410,2204,2362,2130,2384,2056,2384,2477,2955,2537,2865,2537,629,3251
"KJ415093",3259,3193,3177,3595,4752,4003,4386,3960,4321,2927,2873,2817,4682,3970,2673,2995,4361,4624,2722,4682,4646,3146,4616,4048,4468,684,492,3418,4192,840,3164,610,3822,2874,276,616,3274,3776,498,168,708,3228,3608,514,3912,380,702,886,3272,2878,4012,2850,3326,3558,2602,3518,2002,3094,430,780,3504,3676,498,2902,3200,4068,4402,4162,4324,3766,722,4058,4012,4242,4380,3054,2876,3178,4254,3450,3354,3200,3476,3016,2762,3340,5126,3116,3662,3960,3158,2870,686,464,3790,2946,2774,2988,3144,3940,4288,3488,4416,0,3399,2445,2452,2710,2470,2852,2720,2690,3234,2396,2158,2162,2438,3292,2524,3022,2516,2890,2748,3189,731,3287,3473,3407,4479,3297
"KF364513",888,922,746,762,3429,2854,3681,2707,2984,2774,2704,2738,2727,2757,360,1038,3168,2891,267,3273,3519,1033,3085,2675,2841,2923,2917,277,2809,3127,609,2811,809,691,3557,2981,373,2447,2877,3229,3239,689,753,2883,2651,3103,2795,3761,649,617,2571,617,503,695,619,733,1693,701,3075,3037,487,493,2781,767,623,2691,3257,2765,3001,2953,3011,3155,3031,3191,2853,495,403,717,2983,585,477,291,635,303,381,303,3467,663,2931,2985,1119,673,3455,3053,2515,521,335,761,651,3095,735,779,2903,3399,0,3128,2563,3125,2947,2601,2891,3137,3115,2481,2849,2489,2959,2983,2729,2761,2701,2629,3005,3142,2912,778,604,780,3138,3234
"HQ336219",3012,2746,3100,3030,2705,2400,1965,2359,2700,500,738,660,2399,2383,2540,2556,1750,2375,2693,2645,1813,2413,1951,2273,2837,1857,1605,2767,2309,1609,2635,2211,3057,2085,2333,2239,2863,2369,1845,2303,1769,2795,2505,1613,1887,1827,1827,2259,2657,2095,2391,2005,2911,3149,2063,3033,1931,2699,1923,2003,2617,2963,1895,2589,2373,2319,2179,2297,2547,2139,1985,1983,1821,1993,2221,2423,2477,2851,2579,3111,3025,2939,2639,2793,2919,2883,2395,2791,1905,2175,1817,2567,1819,1879,2099,2445,2747,1977,2549,2329,2679,2659,2339,2445,3128,0,599,659,657,877,843,151,855,573,531,649,567,823,317,797,581,705,349,506,1736,2638,3014,2754,2428,1714
"KM651778",2585,2399,2529,2443,2438,2095,1754,2028,2559,455,697,449,2300,2116,2105,2121,1707,1936,2214,2564,1614,2242,1844,1846,2234,1986,1618,2336,2012,1704,2256,2382,2548,1918,2454,2330,2378,2144,1790,2320,2000,2394,2160,1584,1554,1886,1872,2474,2286,1940,2052,1850,2480,2576,1804,2484,1528,2332,2058,2208,2292,2360,2048,2192,1968,1802,1886,1790,2300,1732,2316,1778,1582,1792,2078,2146,2066,2422,2126,2580,2482,2470,2292,2396,2502,2388,1998,2498,1564,1878,1958,2290,2128,2094,1542,2156,2268,1946,2040,2100,2470,2446,2060,2452,2563,599,0,436,292,548,692,506,618,306,368,378,308,522,538,558,428,396,618,565,1605,2099,2453,2431,2177,1349
"JQ993232",3279,3331,3143,3309,3240,2679,2304,2644,3019,603,1025,863,2904,2854,2747,2883,2229,2518,2858,2880,1982,2912,2346,2566,3036,2418,1818,3098,2486,1976,2818,2614,3452,2504,2786,2830,2944,2614,1848,2524,2148,3032,2854,1830,2186,2156,1948,2596,2968,2444,2744,2498,3166,3404,2388,3500,1944,3046,2360,2766,2832,2856,2294,2764,2706,2542,2596,2386,2848,2202,2546,2228,2032,2396,2634,2794,2920,3048,2710,3324,3072,3056,3008,2950,3174,3058,2692,2986,2216,2488,2304,2762,2460,2366,1942,2578,2760,2550,2596,2664,3054,3120,2856,2710,3125,659,436,0,228,818,1012,626,998,570,250,254,168,948,522,1018,258,860,632,697,1859,2793,3095,3099,2769,1687
"JN036390",2975,2933,2807,2953,2636,2145,1980,2174,2695,613,931,791,2542,2290,2475,2671,2025,2262,2644,2580,1824,2716,2132,2022,2510,2112,1626,2880,2306,1664,2618,2416,3308,2194,2426,2462,2738,2362,1692,2292,1882,2952,2790,1640,1884,1968,1964,2330,2836,2242,2378,2284,3006,3218,2160,3178,1892,2914,2064,2396,2582,2680,2104,2598,2508,2028,2224,1990,2498,1796,2314,1868,1728,2024,2232,2510,2562,2972,2408,3142,2834,2882,2790,2816,2898,2892,2338,2782,1714,2046,2288,2508,2236,2150,1610,2328,2578,2342,2334,2234,2922,2938,2330,2470,2947,657,292,228,0,750,960,622,866,552,334,318,198,782,672,796,296,770,670,697,1611,2561,2887,2965,2291,1761
"JF804049",2575,2601,2629,2431,2508,2117,2736,2036,2665,695,497,591,2258,2106,2279,2077,2041,2228,2126,2602,2388,2144,2114,1892,2434,2320,1798,2440,2086,2128,2284,2668,2652,1908,2730,2652,2364,2242,1956,2742,2324,2364,2320,1894,2002,2174,1934,2718,2278,1992,1970,1980,2402,2632,1862,2826,1806,2448,2220,2526,2432,2508,2402,2250,2228,2030,2112,1888,2420,1874,2450,2140,2036,2006,2020,2134,2196,2400,2148,2532,2502,2556,2556,2308,2376,2440,2406,2562,1584,1926,1998,2240,2422,2352,1782,2186,2328,2050,2124,2018,2874,2552,1914,2852,2601,877,548,818,750,0,240,706,366,426,780,632,572,320,564,414,826,400,666,623,1807,2185,2433,2471,2149,1249
"DQ518674",2823,2879,2889,2637,2980,2555,2968,2374,3107,667,431,443,2586,2432,2469,2409,2255,2518,2310,3162,2710,2426,2496,2146,2724,2518,1806,2654,2452,2108,2590,2824,2826,2006,2648,2864,2724,2626,2040,2734,2392,2584,2426,1928,2266,2200,1994,2838,2424,2206,2272,2090,2706,2884,2060,3102,2004,2548,2356,2752,2642,2840,2458,2444,2420,2408,2332,2286,2822,2328,2494,2400,2270,2168,2366,2346,2442,2636,2586,2696,2618,2732,2706,2530,2634,2638,2760,2760,1858,2272,2158,2490,2258,2300,2048,2466,2560,2242,2408,2254,3152,2694,2174,2720,2891,843,692,1012,960,240,0,646,260,432,840,808,844,344,550,404,1024,288,726,701,1867,2359,2683,2611,2489,1281
"KF041250",3063,2817,3133,3033,2816,2451,1996,2356,2775,301,563,501,2542,2502,2577,2545,1763,2462,2712,2756,1840,2518,1952,2268,2814,2064,1720,2784,2312,1624,2706,2474,3048,2170,2480,2466,2952,2436,2076,2512,1976,2852,2526,1820,1936,1996,2074,2438,2676,2112,2516,2106,3046,3204,2180,3012,2030,2712,2134,2310,2696,2994,2172,2724,2432,2376,2166,2300,2642,2198,2332,1970,1828,1944,2290,2494,2564,2920,2702,3162,2954,3018,2698,2868,2986,2936,2344,2838,1898,2262,1848,2666,2088,2110,2128,2546,2788,2064,2588,2382,2702,2760,2420,2690,3137,151,506,626,622,706,646,0,622,444,518,564,558,620,242,626,572,536,202,309,1803,2645,2965,2789,2439,1709
"DQ453981",2987,3031,2941,2775,2950,2675,2810,2546,3139,733,489,359,2674,2602,2689,2611,2283,2668,2624,3154,2644,2674,2492,2290,2740,2766,2250,2876,2660,2386,2804,3128,3176,2098,2980,3116,3044,2790,2430,3182,2800,2968,2684,2346,2334,2638,2582,3406,2816,2342,2582,2240,2994,3134,2320,3204,2502,2874,2716,3028,2922,3022,2930,2696,2534,2530,2394,2370,2918,2366,3090,2482,2226,2250,2422,2518,2650,3038,2628,2934,2914,3058,2834,2844,2950,2862,2726,3134,2064,2476,2402,2744,2788,2786,2040,2644,2814,2364,2590,2526,3308,2960,2398,3234,3115,855,618,998,866,366,260,622,0,512,1008,912,820,188,642,196,976,254,742,697,2243,2467,2773,2849,2603,1425
"AB111085",2641,2449,2529,2525,2778,2341,2212,2106,2877,385,435,439,2478,2340,2051,2093,1893,2306,2158,2806,2080,2178,2136,2122,2666,2098,1514,2272,2202,1756,2306,2404,2604,1946,2314,2394,2334,2316,1774,2372,1968,2418,2192,1592,1838,1892,1782,2418,2206,1972,2236,1884,2438,2640,1886,2586,1598,2280,2032,2290,2292,2382,2112,2276,1988,2168,2102,2154,2604,2030,2216,2038,1836,1964,2248,2176,2116,2452,2426,2572,2272,2448,2164,2232,2350,2212,2300,2474,1780,2036,1888,2274,2056,1990,1866,2182,2196,2002,2088,2240,2562,2540,2218,2396,2481,573,306,570,552,426,432,444,512,0,382,300,484,528,398,528,640,326,524,475,1477,2221,2487,2329,2321,1285
"AY338493",3043,2941,2963,3039,2952,2537,2236,2428,2969,605,937,827,2764,2650,2439,2499,2229,2486,2570,3022,2096,2660,2318,2306,3006,1950,1420,2676,2478,1622,2592,2238,3002,2290,2206,2278,2694,2560,1464,2058,1676,2796,2540,1422,2046,1666,1596,2008,2620,2238,2494,2200,2806,3188,2110,3122,1570,2630,1830,2224,2592,2790,1784,2524,2338,2438,2504,2406,2850,2120,1910,2080,2026,2258,2450,2570,2540,2802,2724,3054,2796,2740,2702,2574,2764,2736,2652,2792,2014,2290,2088,2530,1998,1862,2030,2452,2544,2226,2482,2378,2860,2806,2550,2158,2849,531,368,250,334,780,840,518,1008,382,0,272,184,880,504,964,402,754,676,733,1521,2583,2919,2847,2575,1707
"AY676385",2517,2643,2489,2573,2748,2253,2102,2130,2745,533,791,765,2506,2430,2095,2107,1971,2378,2222,2608,1928,2300,2168,2292,2724,1838,1308,2480,2258,1542,2186,1994,2846,2018,2142,2166,2322,2192,1408,2018,1676,2382,2362,1402,1904,1720,1600,2040,2354,1980,2378,1994,2468,2720,1902,2712,1580,2414,1856,2186,2340,2334,1912,2244,2116,2142,2206,2168,2578,1910,2102,1990,1790,2084,2300,2146,2288,2388,2406,2654,2268,2432,2414,2346,2404,2346,2398,2266,1842,2132,1888,2100,2044,1888,1852,2048,2130,2114,2090,2316,2520,2556,2464,2162,2489,649,378,254,318,632,808,564,912,300,272,0,302,974,532,744,380,732,508,619,1361,2261,2443,2501,2415,1491
"AY676407",3059,2951,3013,3107,2716,2245,2234,2296,2843,631,901,825,2608,2460,2569,2567,2041,2330,2650,2800,1950,2598,2090,2120,2618,1996,1588,2876,2310,1722,2664,2344,3268,2304,2446,2390,2724,2356,1606,2266,1826,2964,2754,1564,1894,1836,1794,2228,2830,2230,2352,2276,2938,3274,2180,3228,1636,2898,1934,2264,2710,2824,1982,2568,2578,2134,2310,2122,2622,1826,2144,1974,1898,2152,2278,2608,2606,2980,2492,3144,2986,2938,2836,2736,2894,2940,2460,2934,1884,2112,2188,2590,2190,2088,1802,2466,2668,2276,2394,2214,3002,2988,2410,2438,2959,567,308,168,198,572,844,558,820,484,184,302,0,702,494,816,204,740,672,667,1633,2583,2913,2993,2401,1587
"KF709426",2955,2901,2917,2721,2882,2611,2732,2520,3129,635,519,341,2680,2570,2627,2577,2265,2594,2544,3162,2568,2608,2318,2118,2694,2738,2324,2704,2628,2484,2716,3276,2988,2074,3072,3138,2856,2844,2464,3244,2830,2918,2534,2318,2204,2660,2602,3420,2734,2252,2474,2140,2916,3116,2136,3122,2286,2770,2636,2938,2724,2962,2888,2630,2474,2420,2462,2342,2962,2366,3014,2418,2298,2364,2444,2470,2474,2962,2712,2914,2962,2854,2638,2668,2828,2806,2746,3130,1994,2418,2396,2696,2798,2788,2054,2536,2782,2272,2498,2466,3186,2828,2204,3292,2983,823,522,948,782,320,344,620,188,528,880,974,702,0,584,318,910,226,744,583,2275,2415,2763,2927,2527,1547
"JQ686069",2721,2545,2797,2749,2816,2479,2294,2336,2781,371,489,489,2496,2422,2279,2245,1789,2434,2314,2704,2070,2034,2048,2294,2836,2044,1536,2422,2258,1736,2310,2340,2632,1876,2448,2418,2446,2408,1846,2442,1936,2450,2142,1586,1940,1874,1624,2450,2166,1756,2296,1814,2566,2732,1844,2768,1518,2274,1992,2222,2308,2530,2024,2208,2098,2396,2278,2274,2722,2234,2148,2102,1930,2118,2296,2160,2216,2510,2594,2608,2626,2566,2386,2388,2584,2500,2556,2480,1962,2170,1486,2322,2038,1984,1998,2238,2340,1754,2172,2438,2488,2426,2362,2524,2729,317,538,522,672,564,550,242,642,398,504,532,494,584,0,652,526,450,280,385,1585,2249,2549,2429,2435,1365
"JN030191",2521,2707,2653,2279,2438,2343,2428,2188,2823,727,471,343,2312,2322,2327,2019,1995,2452,2270,2768,2388,2322,2148,2036,2524,2328,1990,2562,2520,2134,2278,2696,2792,1740,2714,2726,2622,2484,2112,2972,2370,2574,2352,2160,2008,2436,2440,2950,2464,2118,2342,1896,2564,2774,1954,2600,2212,2474,2464,2666,2506,2666,2732,2350,2116,2152,2168,2190,2674,2134,2792,2210,1952,2028,2164,2060,2256,2616,2342,2554,2608,2696,2428,2588,2558,2534,2450,2664,1864,2200,2130,2270,2676,2560,1914,2248,2504,2122,2168,2236,2800,2452,2130,3022,2761,797,558,1018,796,414,404,626,196,528,964,744,816,318,652,0,902,304,668,665,2007,1989,2383,2573,2343,1233
"JF968094",3011,2769,2855,3015,2766,2159,1948,2232,2511,545,1009,789,2402,2324,2315,2543,1745,2028,2446,2462,1630,2312,1848,1988,2294,2040,1740,2682,2110,1642,2444,2260,3110,2150,2578,2450,2574,2068,1882,2234,1848,2770,2504,1724,1598,1980,1958,2290,2708,2014,2256,2130,2884,3182,2138,2962,1780,2710,2160,2394,2468,2550,1978,2442,2422,1916,2054,1904,2338,1658,2194,1720,1620,1936,2128,2360,2512,2812,2246,3034,2784,2688,2460,2522,2608,2648,2292,2688,1950,2098,1938,2416,2282,2248,1656,2152,2400,2130,2368,2060,2568,2824,2384,2516,2701,581,428,258,296,826,1024,572,976,640,402,380,204,910,526,902,0,754,652,669,1771,2389,2805,2729,2353,1657
"JF968113",2731,2601,2659,2507,2682,2395,2326,2212,2733,487,427,113,2330,2246,2239,2295,1783,2144,2212,2686,2128,2226,2042,1926,2410,2450,1918,2330,2206,2166,2366,2814,2544,1894,2784,2794,2568,2382,2198,2838,2504,2422,2094,1948,1760,2330,2176,3076,2254,2024,2156,1952,2564,2674,1968,2658,2012,2274,2430,2688,2384,2536,2478,2302,2020,2096,1982,2022,2568,2106,2668,2018,1824,1896,2092,2196,2256,2484,2282,2480,2474,2540,2296,2406,2496,2362,2320,2644,1804,2044,2058,2414,2354,2432,1766,2224,2350,2048,2314,2142,2648,2476,2056,2890,2629,705,396,860,770,400,288,536,254,326,754,732,740,226,450,304,754,0,634,541,1873,2147,2507,2405,2301,1231
"HM348831",2861,2769,2943,2893,2830,2411,2304,2326,2779,367,659,635,2466,2364,2491,2427,1945,2596,2512,2618,2134,2382,2116,2422,2938,2238,1768,2676,2422,1876,2494,2504,3098,2170,2646,2560,2696,2546,2070,2598,2216,2728,2518,1900,2076,2174,2036,2672,2574,2050,2340,2076,2928,3020,2128,2940,1990,2686,2240,2412,2506,2728,2292,2622,2408,2498,2362,2416,2794,2298,2528,2218,1960,2196,2408,2362,2518,2792,2680,2986,2800,2806,2634,2728,2788,2720,2562,2620,1974,2348,1724,2526,2274,2216,2212,2340,2544,2034,2448,2626,2710,2750,2384,2748,3005,349,618,632,670,666,726,202,742,524,676,508,672,744,280,668,652,634,0,319,1845,2511,2803,2803,2515,1581
"JN544412",3224,3026,3140,3044,3027,2576,2381,2455,3038,106,500,584,2719,2693,2622,2670,1908,2523,2769,2831,2001,2613,2099,2429,2837,2561,2161,2867,2309,2339,2813,3115,3219,2389,2965,2951,2955,2407,2561,3019,2649,3035,2689,2321,2007,2631,2609,3153,2881,2357,2563,2371,3253,3423,2277,3139,2101,2997,2635,2823,2759,2973,2671,2815,2641,2319,2285,2327,2741,2265,2957,2093,1931,2063,2451,2609,2699,3093,2809,3441,2961,3025,2731,2883,3069,2889,2539,3047,2033,2451,2131,2809,2701,2707,2197,2515,2817,2393,2597,2613,2907,2979,2477,3189,3142,506,565,697,697,623,701,309,697,475,733,619,667,583,385,665,669,541,319,0,2140,2736,3064,3048,2538,1744
"KR779789",2792,2580,2802,3102,3281,2706,3183,2577,2930,2080,1936,1858,3191,2629,2266,2134,2746,3099,2385,2849,3003,2301,2983,2681,3237,609,135,2761,2567,495,2517,781,2907,2231,613,785,2425,2405,567,697,561,2395,2641,277,2583,441,607,797,2427,2127,2659,2399,2679,2735,1955,2713,1525,2305,385,849,2607,2649,547,2295,2283,2749,2799,2593,2941,2451,717,2465,2517,2637,2835,2427,2223,2385,2821,2639,2691,2791,2773,2693,2397,2805,3273,2423,2273,2239,2217,2271,647,527,2309,2331,2323,2191,2243,2603,3187,2663,2955,731,2912,1736,1605,1859,1611,1807,1867,1803,2243,1477,1521,1361,1633,2275,1585,2007,1771,1873,1845,2140,0,2498,2628,2396,2762,2066
"KM222447",1104,1458,1522,952,3201,2732,3305,2495,2954,2532,2330,2208,2363,2419,728,738,2620,2703,727,3187,2999,919,2649,2399,2673,2739,2595,701,2829,2829,507,2701,1061,503,3307,2955,659,2537,2573,3191,2929,855,847,2639,2325,2909,2549,3629,821,689,2227,481,803,879,573,831,1543,773,2923,2897,695,671,2937,585,721,2393,2889,2551,2979,2653,3019,2867,2533,2793,2559,415,581,887,2615,619,977,747,831,937,871,657,3095,713,2509,2649,1081,561,3167,2899,2251,755,753,779,679,2865,1027,801,2537,3287,778,2638,2099,2793,2561,2185,2359,2645,2467,2221,2583,2261,2583,2415,2249,1989,2389,2147,2511,2736,2498,0,240,758,2292,2008
"KM216708",762,1294,1068,748,3385,2910,3785,2675,3224,2888,2642,2554,2663,2655,588,656,3070,3223,615,3433,3479,969,3087,2793,3147,2867,2679,583,3105,3087,409,2745,1077,461,3419,2975,511,2785,2615,3331,3259,741,963,2749,2813,2997,2641,3943,731,583,2569,515,709,655,477,853,1773,789,2897,2961,611,523,3079,503,703,2743,3281,2945,3367,3043,3255,3283,2983,3281,2889,359,473,781,3025,459,685,599,929,829,811,581,3513,517,2727,2935,1115,413,3295,2959,2637,577,553,739,507,3273,1029,819,2865,3473,604,3014,2453,3095,2887,2433,2683,2965,2773,2487,2919,2443,2913,2763,2549,2383,2805,2507,2803,3064,2628,240,0,852,2748,2650
"AY484646",1678,1374,1822,1432,3327,2878,3201,2553,2396,2766,2414,2622,2265,2337,976,1020,2632,2397,1007,2565,2825,993,2707,2455,2421,2765,2641,877,2125,2647,963,2689,457,899,3613,3011,859,1955,2951,3163,2795,415,477,2577,2387,2827,2343,3203,423,797,2165,817,443,509,931,967,1739,421,3065,3115,929,831,2621,1077,455,2339,2563,2195,2379,2519,2797,2567,2493,2441,2507,767,665,449,2269,647,1221,947,1177,1079,891,815,2787,759,2449,2287,1067,967,3159,2965,2003,1185,957,803,1097,2701,689,589,2537,3407,780,2754,2431,3099,2965,2471,2611,2789,2849,2329,2847,2501,2993,2927,2429,2573,2729,2405,2803,3048,2396,758,852,0,2222,2272
"KP191499",3714,2984,3838,3488,1363,1132,1871,1045,1464,2600,2408,2576,739,773,2838,2462,1144,1081,3103,1395,1481,2359,1145,741,1161,3295,3083,2861,1293,3115,2703,3595,2825,2461,4289,3681,2669,1219,3339,4207,3271,2845,2491,3021,1045,3635,3215,3651,2549,2455,863,2567,2719,3061,2789,2891,2453,2817,3623,3769,2361,2747,3451,2799,2293,887,1093,887,1087,791,3669,1003,1139,951,697,2547,2617,2879,1133,3039,3203,2999,3201,3231,2987,2959,1077,2773,617,759,2565,2631,3675,3977,1053,2789,2865,2453,2523,949,2597,2553,629,4479,3138,2428,2177,2769,2291,2149,2489,2439,2603,2321,2575,2415,2401,2527,2435,2343,2353,2301,2515,2538,2762,2292,2748,2222,0,2738
"KM222448",3716,3848,4172,3632,4293,3884,4049,3611,4150,1798,1574,1476,3329,3293,2990,2498,2962,3223,2783,3667,3219,2777,3193,3235,3383,2951,2365,3077,3163,2569,2777,3145,3025,2609,3493,3407,2875,3265,2623,3279,2675,2751,2679,2479,2867,2659,2337,3185,2743,2683,2939,2465,2853,2933,2561,3301,2215,2657,2981,3183,2905,2901,2883,2757,2567,3061,3103,3093,3491,3111,2845,3179,2853,2901,3341,2635,2731,2781,3179,2787,3291,3239,2979,3125,3047,3005,3475,2995,2945,2853,2431,2837,2767,2721,2761,2975,3065,2623,2627,3315,3135,2895,3251,3297,3234,1714,1349,1687,1761,1249,1281,1709,1425,1285,1707,1491,1587,1547,1365,1233,1657,1231,1581,1744,2066,2008,2650,2272,2738,0
