"","FJ639670","FJ461303","KF289073","KP723473","FJ196847","FJ196846","FJ196845","FJ196842","GU131863","JF459993","JN638344","EU848545","GU131792","EF457905","KF184975","KJ755855","AY722803","JQ915076","JQ922546","LC128301","AY732483","KP406801","FJ898385","LC011949","JN903578","KC692498","EU482814","FJ882548","GU131900","HM181971","GU131843","JQ955624","KF955359","JX475906","KC294216","KF744397","KF744399","KF744400","KJ918750","KF704354","KC131142","JQ922549","JQ922550","JF730044","KC964095","JQ922551","JQ922552","JQ922553","JX966380","GQ868591","KM279536","FJ410195","FJ467493","EU687233","EU003591","EF457904","EF105385","EF105379","DQ181801","EU482666","GQ398258","GQ398269","FJ744745","KF955477","KF824903","AY496879","AY858037","KF041254","JQ922555","KC762690","FJ182038","FJ882572","KF954948","GQ199879","KJ579242","GQ398256","KF041260","FJ196849","EF457906","KP140942","FJ024476","JF262783","JQ922559"
"FJ639670",0,746,3581,5483,2517,4339,3029,3531,4109,2209,2643,2987,1731,3041,3573,2205,3593,5329,3463,3893,1909,5759,1259,567,4221,4645,675,545,15392,14584,17894,19330,15920,14784,14846,18390,17120,15790,16346,13716,20504,17212,13356,13582,13086,16762,14494,14506,16318,13902,18794,14290,14448,10866,12315,14102,12808,12896,16712,13378,15808,12418,15650,10291,10137,9799,9923,13427,12767,10863,11967,10775,13153,17486,16734,18264,19840,19060,18582,19088,18260,20606,21554
"FJ461303",746,0,3929,6147,2965,5191,3663,4203,4135,2889,2663,3401,1959,3279,3965,2039,4131,6059,4021,4181,2181,6315,1727,1151,4739,4825,913,1205,15078,14148,17950,19242,15364,14848,14282,19054,17578,15224,16916,12558,20224,17110,14100,13162,13082,16674,15574,14666,16554,13304,18504,13970,15404,11552,12547,13618,12926,13518,15726,12744,15714,11994,14670,11097,10779,11111,10991,14281,13415,12001,13151,11679,14551,17224,16626,18170,19780,19258,18600,19248,17844,19784,21824
"KF289073",3581,3929,0,2716,3234,4022,3584,5494,1714,4958,3450,3104,3756,2910,2172,3588,2090,4800,1802,4858,3238,3286,3042,3910,1960,2206,3824,3794,16419,16991,20729,19717,16199,15909,16463,21063,18843,17199,15873,15039,22565,17465,12921,14959,14873,16989,12699,14463,17145,14811,20425,15605,17405,13271,17564,18071,18017,15697,18295,15351,17339,13919,17443,12674,11768,12078,12028,15064,13710,14180,14454,13042,13928,18679,18257,18383,19311,19387,19579,21053,20097,20423,21565
"KP723473",5483,6147,2716,0,4692,4310,4566,5370,3504,6340,4002,4018,5202,5102,3016,5284,2730,4694,3716,5714,4694,1620,4514,5542,3706,4440,5578,5144,18091,17005,17947,17575,15675,15329,16559,18887,17355,16781,14463,14831,20059,15037,12239,14713,14889,16023,11759,13669,15613,14793,19285,16639,17361,10591,16736,18241,17687,15697,17825,15879,15393,14107,18149,11880,11352,11298,10430,12162,12128,11408,11550,11078,10998,15203,15219,15371,15651,15287,17549,17041,16447,16733,17625
"FJ196847",2517,2965,3234,4692,0,3312,3152,3322,3986,3920,2546,3328,2464,2528,3690,3964,4880,4776,2912,4990,1586,5154,1916,3130,3580,4350,2132,2870,16973,17695,21541,20769,17485,18125,16875,22139,21067,19237,18103,15739,24111,19775,15387,16605,15679,18227,15931,16645,18113,16167,21505,15935,18109,12269,16600,18767,17461,15595,20237,16555,19031,14459,17683,12324,11550,11212,10962,14608,13698,14214,13432,11736,14216,18115,17505,19979,22067,19895,20629,21177,19709,22161,23031
"FJ196846",4339,5191,4022,4310,3312,0,2138,3362,4760,4748,4118,2432,3684,3330,4336,5314,4936,1712,4422,3722,3224,5674,3632,4344,4198,5166,4316,4870,18677,18951,20783,21459,18717,19269,17835,21577,21075,20709,16761,17755,23627,19751,14629,18291,15955,20297,13943,15869,17561,16935,22031,16955,17631,13443,17354,18663,17321,14885,19407,17465,19067,15025,19675,14332,12956,12528,11362,15952,15032,13452,14412,14038,15638,16049,15103,15835,17341,16817,19115,18441,17511,19365,19019
"FJ196845",3029,3663,3584,4566,3152,2138,0,2836,4270,2516,3898,2664,3490,3086,4198,3578,4170,2964,3288,2518,2706,5974,3322,2894,3762,4496,2764,3140,15889,15519,19395,20493,16057,16779,15873,19783,17781,17169,16055,15375,21349,18127,12419,15167,14521,18085,12965,14703,16177,14777,19891,14695,15877,10477,14888,16069,15595,12887,17549,14635,17843,12945,16899,11616,9868,10022,10212,12922,12068,11676,11608,10692,12666,16461,15821,17053,18887,17949,17057,19073,18279,19503,20049
"FJ196842",3531,4203,5494,5370,3322,3362,2836,0,4724,3250,4356,3180,4372,4238,5230,4348,4556,3290,5452,3496,3742,5536,3600,3406,5086,5804,2706,3772,14301,15255,17591,19059,16781,15545,15221,18351,17253,16373,15475,13905,18975,18115,13545,14425,13751,17161,13943,15241,15759,14139,18221,13283,17433,11265,15052,17383,16029,15095,17009,13539,16741,12961,16271,12074,10786,11188,11178,14262,14220,13070,12326,11616,13656,15009,15771,17163,18721,16071,17271,17211,16365,18049,19927
"GU131863",4109,4135,1714,3504,3986,4760,4270,4724,0,4412,3526,3310,3876,3440,3530,3392,2440,4590,2860,5494,4322,3358,3152,3702,1766,3624,3702,3988,15105,15077,18291,18119,15197,14543,15149,18523,16595,14897,14513,13809,20875,16313,11569,13053,13345,15155,12255,11435,14899,14185,18587,14009,18787,13645,16284,17181,17121,16225,15999,13115,15707,12855,15379,13830,12818,13628,12424,16124,14644,14302,14948,14068,15148,18219,18823,18381,19211,19341,19141,20633,19375,19995,22101
"JF459993",2209,2889,4958,6340,3920,4748,2516,3250,4412,0,3904,3554,2920,3824,5068,3132,4862,4858,4846,3376,3022,7576,2994,2120,4902,5438,1910,2208,18645,17973,21567,22909,19079,17961,17901,20907,19299,18191,19723,17147,23229,20233,15871,15795,17477,20063,16219,16681,19165,18107,21273,17711,18033,12181,15972,17295,16049,14671,19359,15819,19789,15419,19495,12928,11966,12340,12918,15012,14946,13528,13838,12982,14722,16997,17041,19283,20281,19699,17839,19647,18807,20923,21667
"JN638344",2643,2663,3450,4002,2546,4118,3898,4356,3526,3904,0,3068,2672,2560,3314,3766,4386,4934,3028,4822,1240,4430,1996,2586,4472,4590,2532,2760,17829,17231,19589,21249,17613,18143,17087,21025,20489,19015,18763,16391,22917,19353,15101,16323,15963,18389,16359,16663,19055,16983,20707,16595,19413,13077,16248,17083,16295,15721,19063,16173,18473,14743,17663,13420,12952,13234,12314,16204,14062,14348,14368,13148,15224,16663,17013,17491,19411,18615,18361,18179,18205,19209,20651
"EU848545",2987,3401,3104,4018,3328,2432,2664,3180,3310,3554,3068,0,3466,2072,3112,3182,3270,3734,3548,4080,2174,4498,3450,3206,3702,3728,3310,2878,17495,18007,20891,20677,18561,16827,17719,21081,20133,18599,17541,15861,22737,18531,14121,16433,15853,18827,14099,15273,18171,15937,21159,15829,16583,13351,16562,17851,16829,15357,19023,16129,18145,14761,19369,13838,13504,12822,12916,16294,14778,13022,14766,14108,15648,13795,13475,13983,15125,13969,15461,15985,15273,16527,17333
"GU131792",1731,1959,3756,5202,2464,3684,3490,4372,3876,2920,2672,3466,0,3240,4668,3410,3972,5174,3472,4652,2106,5800,578,1818,3616,4850,1844,1960,17153,16205,20959,22041,16739,18617,16229,21603,18985,17309,17869,15497,24485,19539,14835,15295,15089,18847,15025,15171,17429,17207,21835,15529,16785,13177,14116,15525,14449,13229,18491,14963,18551,13755,16809,12460,12500,12460,11322,16080,14830,14136,14694,13012,15536,19015,19093,20117,21549,21253,20111,22017,20567,22613,23063
"EF457905",3041,3279,2910,5102,2528,3330,3086,4238,3440,3824,2560,2072,3240,0,3372,3416,4256,5476,3072,4140,2408,5242,3002,3328,4258,3602,3432,3092,18759,19829,23997,24217,20757,20329,20343,24609,22909,20875,20027,18675,26789,21849,16015,19515,17787,20853,17005,16879,20835,18449,24881,17081,19467,13763,18266,19157,18263,16619,21789,18793,21573,16853,19681,13428,13162,12634,12364,15940,14000,14514,14918,13724,15256,17747,16539,17577,19403,18815,18783,20583,19257,19593,20689
"KF184975",3573,3965,2172,3016,3690,4336,4198,5230,3530,5068,3314,3112,4668,3372,0,4028,3448,4870,2980,5716,2740,4100,3620,4462,3176,2704,4136,3752,18203,17867,19807,19695,17353,16295,17467,21155,20565,18801,16081,16477,21889,16997,12251,15959,16569,17711,12755,13935,17361,15317,21061,17441,16997,10209,16214,17449,16541,16777,18651,16105,17207,15653,18499,10158,10568,10768,10718,12940,11200,11574,11610,11120,12618,13773,13449,14007,15935,14585,15953,15635,14827,16481,16649
"KJ755855",2205,2039,3588,5284,3964,5314,3578,4348,3392,3132,3766,3182,3410,3416,4028,0,3494,5394,3942,5350,3666,5948,3108,2492,4388,4522,1730,2314,14397,15009,17247,18643,15263,14621,15773,17381,16521,14171,16937,12865,19631,16643,13465,13793,12681,15315,14091,12737,17101,13075,17661,13031,15851,11603,14734,16169,15227,13979,17037,13671,14867,12703,15649,11494,10702,11642,10700,12878,12940,11598,12754,11850,12366,16207,15845,17659,18275,18231,19013,19279,17251,18519,20031
"AY722803",3593,4131,2090,2730,4880,4936,4170,4556,2440,4862,4386,3270,3972,4256,3448,3494,0,4940,3628,4552,4582,2738,3224,3622,2658,4078,3904,3884,16241,16921,19415,19771,17107,15615,17207,20185,18209,16305,15973,14485,21817,16857,13143,15069,14281,16897,13301,14045,16947,14975,20977,14435,16263,13503,15662,17309,15945,14943,18539,15197,16813,14271,17939,12736,12184,13252,12582,15796,15272,14122,14650,13846,14280,17821,17951,18263,18059,17307,18165,18949,18723,19227,20675
"JQ915076",5329,6059,4800,4694,4776,1712,2964,3290,4590,4858,4934,3734,5174,5476,4870,5394,4940,0,5446,4284,4340,6018,4542,4654,4398,6492,4592,6056,14873,15673,16507,17207,14851,15911,14247,16809,16705,16817,13491,14667,18703,15841,12329,14295,12775,16163,11537,13389,14035,13661,17211,13527,16721,13749,16782,18633,17053,13945,15693,13909,15209,12261,16137,13672,13074,13224,12094,16022,16280,14108,14706,14282,15270,16959,16547,17499,18325,18191,20257,18805,18623,20639,21009
"JQ922546",3463,4021,1802,3716,2912,4422,3288,5452,2860,4846,3028,3548,3472,3072,2980,3942,3628,5446,0,5670,2382,4060,2888,3666,3106,3520,3654,3618,16039,14831,18767,19417,15021,16281,15095,19807,18033,16769,16209,14279,21831,17307,12837,14207,14817,16401,13667,14053,16819,14777,19057,15269,17815,12887,17006,17563,17271,14917,17419,14401,16615,12981,15685,12146,11212,11964,10816,13916,12694,13126,13912,12166,13422,17731,18529,18921,20631,19537,17485,20981,20021,20939,21849
"LC128301",3893,4181,4858,5714,4990,3722,2518,3496,5494,3376,4822,4080,4652,4140,5716,5350,4552,4284,5670,0,4536,5638,4422,3050,5484,6040,3742,4376,18109,18475,21757,23875,19609,18797,17959,22385,20717,19759,19657,17571,22869,20959,16539,17649,16851,21103,17671,19017,19417,16747,22369,17263,16793,13111,16478,17357,15785,13971,19185,16285,20219,14903,19979,13190,11886,12670,12946,15944,15656,14292,14414,12882,15890,18731,16755,19245,19721,19807,17629,19129,19643,20811,21511
"AY732483",1909,2181,3238,4694,1586,3224,2706,3742,4322,3022,1240,2174,2106,2408,2740,3666,4582,4340,2382,4536,0,5426,1766,2420,4164,3714,2038,2246,17153,17299,20029,20929,17257,17691,16349,21245,20363,19165,18231,15745,22695,19017,14643,15783,16017,18735,15103,16589,18439,16373,20293,16229,17425,12075,15872,16703,15817,14731,19069,15769,18179,14305,17781,11582,11404,11398,11362,14806,12988,13436,13208,11868,14436,15663,15691,17519,19849,17791,17323,17877,17683,19953,20359
"KP406801",5759,6315,3286,1620,5154,5674,5974,5536,3358,7576,4430,4498,5800,5242,4100,5948,2738,6018,4060,5638,5426,0,4928,5346,3726,5056,6032,5842,17803,17511,18101,19071,16939,16245,17273,19717,18273,17713,15857,15387,20471,17125,13789,15847,14943,16749,14339,14973,16755,15209,20631,16587,18211,13325,16946,18135,17299,16341,18493,16519,16117,15097,18287,13054,12966,13630,12404,14776,14722,14066,14426,12340,13710,17321,18129,18305,18605,17451,18843,18575,18633,19013,20347
"FJ898385",1259,1727,3042,4514,1916,3632,3322,3600,3152,2994,1996,3450,578,3002,3620,3108,3224,4542,2888,4422,1766,4928,0,1456,3092,4340,1432,1772,16039,15327,19181,20371,16007,16927,15213,19899,17785,16473,16225,14191,22813,18203,13467,14457,13755,17127,14087,14239,16185,15703,20287,14429,16393,12277,13634,15721,14283,13699,17721,14261,17323,12921,15865,11294,10948,11316,10016,15192,13934,12948,13444,12122,14286,18283,18401,19475,21259,20245,19723,20541,19583,21441,22283
"LC011949",567,1151,3910,5542,3130,4344,2894,3406,3702,2120,2586,3206,1818,3328,4462,2492,3622,4654,3666,3050,2420,5346,1456,0,3950,5330,948,1010,13987,13487,16587,19069,14789,14667,13597,17279,15817,14529,15617,12619,19471,16871,12719,12481,11923,16413,14471,14123,15079,13347,17759,12951,13683,11265,11762,13545,11919,11321,14997,11895,15083,11069,14605,10314,9870,9686,9690,13434,13216,10704,12354,10856,13344,18113,17551,19369,20423,20155,18627,19999,19173,21441,22579
"JN903578",4221,4739,1960,3706,3580,4198,3762,5086,1766,4902,4472,3702,3616,4258,3176,4388,2658,4398,3106,5484,4164,3726,3092,3950,0,3298,3918,4462,16945,17127,20561,21185,16739,17201,16551,22105,19643,17135,15887,15229,23819,18683,12353,15231,14703,18241,12871,14371,15931,15903,22355,15923,17073,14779,16310,17945,16995,15311,17931,15305,17937,14205,17659,14266,13336,13174,13180,16968,15964,14832,16018,14878,16470,19007,19299,19333,20465,19651,19709,22075,20161,21257,22701
"KC692498",4645,4825,2206,4440,4350,5166,4496,5804,3624,5438,4590,3728,4850,3602,2704,4522,4078,6492,3520,6040,3714,5056,4340,5330,3298,0,4398,4662,18697,19229,20971,21823,18713,16123,18007,21911,20295,18639,17183,16389,22429,19701,12933,16323,17013,19105,12915,15459,18311,16469,21493,17313,17109,11619,16728,16521,16667,16389,19663,16399,18115,16239,19379,11702,11006,12260,10728,13498,11640,12668,12412,12112,12854,16791,16873,17043,18591,17559,17417,19399,17885,18497,18613
"EU482814",675,913,3824,5578,2132,4316,2764,2706,3702,1910,2532,3310,1844,3432,4136,1730,3904,4592,3654,3742,2038,6032,1432,948,3918,4398,0,1078,14181,14055,17197,19233,15077,14771,14181,17875,16563,14967,16529,12775,19527,17401,13635,12957,12523,16231,14681,14237,15955,13193,17585,13183,14927,11115,12232,13985,12821,12561,16201,12471,15429,11619,14809,11098,10228,10716,10458,13494,13148,11834,12198,11000,12982,17865,17539,19605,20977,20007,18997,20179,18739,21169,22671
"FJ882548",545,1205,3794,5144,2870,4870,3140,3772,3988,2208,2760,2878,1960,3092,3752,2314,3884,6056,3618,4376,2246,5842,1772,1010,4462,4662,1078,0,15833,14027,17973,19579,15773,14629,14637,18735,17309,15799,16931,13777,20629,17209,13241,12873,13903,16899,14819,14117,16637,14359,19095,14847,15771,10201,12290,13723,13047,14341,15985,12811,15943,12513,15665,10146,9982,9298,9584,12766,11456,10148,11152,10036,12708,16891,16219,17395,19749,18609,17991,18801,17933,20225,21263
"GU131900",15392,15078,16419,18091,16973,18677,15889,14301,15105,18645,17829,17495,17153,18759,18203,14397,16241,14873,16039,18109,17153,17803,16039,13987,16945,18697,14181,15833,0,5002,7474,7294,4050,7192,4960,8170,5506,4164,6378,4548,8498,6616,6540,5274,2594,5172,8248,7178,5752,3314,6634,898,14832,17856,13883,15496,16742,12284,6750,4526,5778,3590,4036,16283,16177,16611,16949,19237,20231,20411,18133,17775,18591,28878,29316,30282,31522,31970,31292,32858,30622,31776,35902
"HM181971",14584,14148,16991,17005,17695,18951,15519,15255,15077,17973,17231,18007,16205,19829,17867,15009,16921,15673,14831,18475,17299,17511,15327,13487,17127,19229,14055,14027,5002,0,5106,6976,1964,5602,2054,6790,4460,3882,6394,4576,7678,5614,6102,2192,4888,5060,8662,6730,5430,4368,6200,5082,17558,15466,12655,13884,15750,15844,2678,1964,4984,2280,1152,15729,15461,15507,14803,17577,17243,16209,16557,15449,18291,27726,29400,27352,30142,30608,29650,30628,28860,29120,33520
"GU131843",17894,17950,20729,17947,21541,20783,19395,17591,18291,21567,19589,20891,20959,23997,19807,17247,19415,16507,18767,21757,20029,18101,19181,16587,20561,20971,17197,17973,7474,5106,0,4680,4952,4242,3900,2412,4202,5886,5816,4786,2440,5026,6946,4678,4948,6238,9180,7306,5134,4174,3090,7186,16326,14650,11959,12674,13652,16330,4280,4916,1532,5288,5736,15255,14451,15583,13769,15607,16977,14317,14675,15491,16109,25008,26602,25852,27540,28110,31716,25800,25676,26822,30534
"JQ955624",19330,19242,19717,17575,20769,21459,20493,19059,18119,22909,21249,20677,22041,24217,19695,18643,19771,17207,19417,23875,20929,19071,20371,19069,21185,21823,19233,19579,7294,6976,4680,0,4128,2724,4688,4264,5140,5488,4150,5610,5152,1748,6690,4696,5224,3094,6544,6046,4612,3948,3598,7102,17266,14650,16549,18388,19940,16996,6326,6910,2478,6330,6594,16689,16799,16645,15895,16767,18953,17083,15843,17301,15967,25170,25654,24748,25768,27220,34598,26992,25744,27490,31676
"KF955359",15920,15364,16199,15675,17485,18717,16057,16781,15197,19079,17613,18561,16739,20757,17353,15263,17107,14851,15021,19609,17257,16939,16007,14789,16739,18713,15077,15773,4050,1964,4952,4128,0,4876,1878,5592,3740,2880,4782,4214,6596,3392,5140,2094,4060,3784,6142,5768,3866,3760,4382,4414,16206,15044,14373,15316,17128,13562,3272,2816,3346,2042,2026,15701,15427,15593,14917,16187,17731,17141,16243,15415,16255,27752,29036,28126,29850,31154,32120,31534,29384,30652,34188
"JX475906",14784,14848,15909,15329,18125,19269,16779,15545,14543,17961,18143,16827,18617,20329,16295,14621,15615,15911,16281,18797,17691,16245,16927,14667,17201,16123,14771,14629,7192,5602,4242,2724,4876,0,4130,3932,4486,4646,4792,4088,4308,2876,5342,2696,5174,4100,6164,5978,4726,3080,3650,6772,14802,12386,12233,13636,15096,16506,4564,4108,2198,4808,6530,14203,13387,13719,13437,14721,15675,12995,13007,14511,14601,22700,22886,21540,23628,24048,28624,22790,22308,23420,27894
"KC294216",14846,14282,16463,16559,16875,17835,15873,15221,15149,17901,17087,17719,16229,20343,17467,15773,17207,14247,15095,17959,16349,17273,15213,13597,16551,18007,14181,14637,4960,2054,3900,4688,1878,4130,0,5614,4436,4130,5308,2984,5452,4186,5776,1638,4344,4564,7650,7192,4140,3634,3834,5060,15302,15644,12293,12724,14336,14186,1720,1918,3358,1918,2444,15437,14357,14353,13979,17549,17983,15823,16725,16041,18419,26004,27094,26258,29000,29336,29964,28716,26980,28782,32836
"KF744397",18390,19054,21063,18887,22139,21577,19783,18351,18523,20907,21025,21081,21603,24609,21155,17381,20185,16809,19807,22385,21245,19717,19899,17279,22105,21911,17875,18735,8170,6790,2412,4264,5592,3932,5614,0,3020,5716,6378,5728,2432,4882,7684,5348,5638,6038,8672,6836,5476,5134,1680,7768,14922,14990,12291,13448,14220,15420,6318,5936,2466,5718,7626,16293,15691,16419,15351,16395,19099,15605,15459,16179,16133,25526,26634,26278,26256,28854,32566,25912,26446,27866,30450
"KF744399",17120,17578,18843,17355,21067,21075,17781,17253,16595,19299,20489,20133,18985,22909,20565,16521,18209,16705,18033,20717,20363,18273,17785,15817,19643,20295,16563,17309,5506,4460,4202,5140,3740,4486,4436,3020,0,2420,4402,4312,4340,4856,5858,3732,3828,4912,6246,5574,3858,4594,3498,5160,16094,15492,13237,14766,16842,14410,5808,4952,3046,4500,5376,15961,15737,16591,15203,16627,18949,16407,16173,16399,15621,28124,29810,28730,28948,31104,31866,30686,29498,29602,32796
"KF744400",15790,15224,17199,16781,19237,20709,17169,16373,14897,18191,19015,18599,17309,20875,18801,14171,16305,16817,16769,19759,19165,17713,16473,14529,17135,18639,14967,15799,4164,3882,5886,5488,2880,4646,4130,5716,2420,0,6230,3708,6924,4964,6216,3406,3996,5070,6684,5856,5116,4342,5226,4234,15194,15250,13569,15390,16472,12792,5274,4432,3944,3734,3984,15815,15691,16373,15485,16067,18345,16557,16427,16617,15627,27238,28616,27254,27818,29606,30306,31442,28194,28136,32682
"KJ918750",16346,16916,15873,14463,18103,16761,16055,15475,14513,19723,18763,17541,17869,20027,16081,16937,15973,13491,16209,19657,18231,15857,16225,15617,15887,17183,16529,16931,6378,6394,5816,4150,4782,4792,5308,6378,4402,6230,0,5690,7106,3564,2346,5008,3830,5022,2730,4424,998,4430,6826,5754,15954,15276,14489,16452,18560,16248,5870,5758,3888,5298,6470,16245,15809,14755,14139,17919,18683,15941,15913,17741,17133,24258,25094,23272,24056,25914,29548,26320,25026,25738,28756
"KF704354",13716,12558,15039,14831,15739,17755,15375,13905,13809,17147,16391,15861,15497,18675,16477,12865,14485,14667,14279,17571,15745,15387,14191,12619,15229,16389,12775,13777,4548,4576,4786,5610,4214,4088,2984,5728,4312,3708,5690,0,5596,4742,6404,3134,2794,4982,7960,6700,4452,2392,4332,4020,12382,15500,9895,11882,12782,13340,4366,3856,3136,2594,5094,15015,13523,13625,13911,16805,18291,14677,16227,16335,17265,21508,22364,22930,23788,24110,25732,24404,22096,23032,27624
"KC131142",20504,20224,22565,20059,24111,23627,21349,18975,20875,23229,22917,22737,24485,26789,21889,19631,21817,18703,21831,22869,22695,20471,22813,19471,23819,22429,19527,20629,8498,7678,2440,5152,6596,4308,5452,2432,4340,6924,7106,5596,0,6078,9336,5858,6580,7800,10532,10206,6782,4628,2140,9010,17206,15944,13689,13644,15968,18190,6342,6172,2598,7174,8494,17377,16437,17797,17277,17701,19879,17383,16933,17171,18015,26594,27934,27998,28386,29704,33594,26648,27108,29114,32524
"JQ922549",17212,17110,17465,15037,19775,19751,18127,18115,16313,20233,19353,18531,19539,21849,16997,16643,16857,15841,17307,20959,19017,17125,18203,16871,18683,19701,17401,17209,6616,5614,5026,1748,3392,2876,4186,4882,4856,4964,3564,4742,6078,0,4370,3674,4726,2238,4754,4180,3636,3198,4650,6212,14286,14410,13377,15034,16464,14710,4722,5420,2570,4488,5842,16075,16189,15473,15659,16779,18191,15787,15615,17167,16319,22668,22672,21652,22866,24720,28912,24522,23122,24148,27916
"JQ922550",13356,14100,12921,12239,15387,14629,12419,13545,11569,15871,15101,14121,14835,16015,12251,13465,13143,12329,12837,16539,14643,13789,13467,12719,12353,12933,13635,13241,6540,6102,6946,6690,5140,5342,5776,7684,5858,6216,2346,6404,9336,4370,0,4892,5012,5670,1906,3208,2640,5212,8328,6034,12420,11848,11133,12214,14062,12898,5792,5352,5272,4978,6708,12935,12307,11167,11329,14821,13511,12001,12299,13951,14557,18920,19662,17460,19286,20596,21120,21410,19944,20252,21902
"JF730044",13582,13162,14959,14713,16605,18291,15167,14425,13053,15795,16323,16433,15295,19515,15959,13793,15069,14295,14207,17649,15783,15847,14457,12481,15231,16323,12957,12873,5274,2192,4678,4696,2094,2696,1638,5348,3732,3406,5008,3134,5858,3674,4892,0,4450,4070,6412,5726,3984,3744,3878,5522,15532,13472,11609,12676,14494,14996,1826,1066,3102,2432,3156,13581,13077,13091,12879,15313,15757,13525,14325,14015,15989,23796,25304,24368,26616,26916,26932,26124,24616,26508,30596
"KC964095",13086,13082,14873,14889,15679,15955,14521,13751,13345,17477,15963,15853,15089,17787,16569,12681,14281,12775,14817,16851,16017,14943,13755,11923,14703,17013,12523,13903,2594,4888,4948,5224,4060,5174,4344,5638,3828,3996,3830,2794,6580,4726,5012,4450,0,3886,6082,5342,3612,2078,5574,2332,12024,16152,10389,12894,13800,11438,5480,4966,3178,3166,4526,15019,14521,14229,13311,17725,18771,15281,16271,16601,17019,24878,24674,25016,25190,27268,28984,27358,25182,26902,30270
"JQ922551",16762,16674,16989,16023,18227,20297,18085,17161,15155,20063,18389,18827,18847,20853,17711,15315,16897,16163,16401,21103,18735,16749,17127,16413,18241,19105,16231,16899,5172,5060,6238,3094,3784,4100,4564,6038,4912,5070,5022,4982,7800,2238,5670,4070,3886,0,6412,4204,5406,3472,5216,4686,17730,16118,15401,17912,19530,17088,6026,5790,4040,5116,4372,16597,17029,17311,15587,18007,19263,18181,16793,17625,17113,24942,25678,25044,26738,27406,30426,27942,25386,26338,30270
"JQ922552",14494,15574,12699,11759,15931,13943,12965,13943,12255,16219,16359,14099,15025,17005,12755,14091,13301,11537,13667,17671,15103,14339,14087,14471,12871,12915,14681,14819,8248,8662,9180,6544,6142,6164,7650,8672,6246,6684,2730,7960,10532,4754,1906,6412,6082,6412,0,3920,3906,6552,9096,7654,13860,13322,14201,16084,17602,13986,8522,8054,6180,6618,8902,15051,14881,13567,13481,16447,15931,14623,13915,16305,15105,19520,20240,17812,18778,20618,23276,22198,20550,21156,22088
"JQ922553",14506,14666,14463,13669,16645,15869,14703,15241,11435,16681,16663,15273,15171,16879,13935,12737,14045,13389,14053,19017,16589,14973,14239,14123,14371,15459,14237,14117,7178,6730,7306,6046,5768,5978,7192,6836,5574,5856,4424,6700,10206,4180,3208,5726,5342,4204,3920,0,4336,5390,7926,6138,15412,13022,11665,13608,14944,14974,6774,6542,5100,6194,6490,14251,14679,14545,12963,15603,15203,14163,13553,15531,15061,19724,20388,18486,20630,22080,24148,23162,20452,21466,23474
"JX966380",16318,16554,17145,15613,18113,17561,16177,15759,14899,19165,19055,18171,17429,20835,17361,17101,16947,14035,16819,19417,18439,16755,16185,15079,15931,18311,15955,16637,5752,5430,5134,4612,3866,4726,4140,5476,3858,5116,998,4452,6782,3636,2640,3984,3612,5406,3906,4336,0,4032,6074,5348,14540,15542,11811,13878,15500,14420,4238,4362,3402,3762,5722,16931,16183,14873,14949,18143,19659,16253,16215,17723,18077,25116,25732,24456,25428,27482,29528,27200,25980,27012,30456
"GQ868591",13902,13304,14811,14793,16167,16935,14777,14139,14185,18107,16983,15937,17207,18449,15317,13075,14975,13661,14777,16747,16373,15209,15703,13347,15903,16469,13193,14359,3314,4368,4174,3948,3760,3080,3634,5134,4594,4342,4430,2392,4628,3198,5212,3744,2078,3472,6552,5390,4032,0,4168,3684,11528,13600,9855,11766,13112,12400,4214,3882,2118,2790,4236,14377,13723,13487,13745,15595,16279,14235,14113,14715,15861,23700,22810,22726,24288,25518,27444,25202,23700,24614,28664
"KM279536",18794,18504,20425,19285,21505,22031,19891,18221,18587,21273,20707,21159,21835,24881,21061,17661,20977,17211,19057,22369,20293,20631,20287,17759,22355,21493,17585,19095,6634,6200,3090,3598,4382,3650,3834,1680,3498,5226,6826,4332,2140,4650,8328,3878,5574,5216,9096,7926,6074,4168,0,6992,16442,15274,14277,14686,16328,16270,5246,4598,2562,4750,6476,16111,14883,15899,15567,16291,18675,16393,15911,16187,16315,24674,26060,26372,27010,28466,31142,26284,25574,27596,31260
"FJ410195",14290,13970,15605,16639,15935,16955,14695,13283,14009,17711,16595,15829,15529,17081,17441,13031,14435,13527,15269,17263,16229,16587,14429,12951,15923,17313,13183,14847,898,5082,7186,7102,4414,6772,5060,7768,5160,4234,5754,4020,9010,6212,6034,5522,2332,4686,7654,6138,5348,3684,6992,0,13854,17274,12759,14762,15410,11592,7044,4758,5658,3584,4076,15777,15351,16171,15309,18601,19793,18859,17711,17671,17543,27246,27728,28320,29488,29654,30570,31058,28472,29014,33408
"FJ467493",14448,15404,17405,17361,18109,17631,15877,17433,18787,18033,19413,16583,16785,19467,16997,15851,16263,16721,17815,16793,17425,18211,16393,13683,17073,17109,14927,15771,14832,17558,16326,17266,16206,14802,15302,14922,16094,15194,15954,12382,17206,14286,12420,15532,12024,17730,13860,15412,14540,11528,16442,13854,0,15132,6197,7934,5644,3596,17076,14876,14074,12052,18584,13753,13257,11805,15297,17061,17651,13021,16405,15585,17271,22678,20360,23068,20976,24252,24074,24000,22596,25270,24674
"EU687233",10866,11552,13271,10591,12269,13443,10477,11265,13645,12181,13077,13351,13177,13763,10209,11603,13503,13749,12887,13111,12075,13325,12277,11265,14779,11619,11115,10201,17856,15466,14650,14650,15044,12386,15644,14990,15492,15250,15276,15500,15944,14410,11848,13472,16152,16118,13322,13022,15542,13600,15274,17274,15132,0,12265,14758,13946,15164,16444,14020,13938,14992,16298,3547,3841,4537,4243,2205,2429,5137,875,1731,2807,16324,15264,17340,20010,18124,22722,18748,16924,18906,18956
"EU003591",12315,12547,17564,16736,16600,17354,14888,15052,16284,15972,16248,16562,14116,18266,16214,14734,15662,16782,17006,16478,15872,16946,13634,11762,16310,16728,12232,12290,13883,12655,11959,16549,14373,12233,12293,12291,13237,13569,14489,9895,13689,13377,11133,11609,10389,15401,14201,11665,11811,9855,14277,12759,6197,12265,0,2119,1501,8791,12147,10519,11643,10175,13835,12916,12142,11160,12824,16356,14616,11916,13424,12810,17486,21703,20725,21053,23475,24125,23763,21417,20871,23457,25191
"EF457904",14102,13618,18071,18241,18767,18663,16069,17383,17181,17295,17083,17851,15525,19157,17449,16169,17309,18633,17563,17357,16703,18135,15721,13545,17945,16521,13985,13723,15496,13884,12674,18388,15316,13636,12724,13448,14766,15390,16452,11882,13644,15034,12214,12676,12894,17912,16084,13608,13878,11766,14686,14762,7934,14758,2119,0,1638,9358,12484,11124,12668,11744,14984,14839,13423,13503,15291,18475,15529,14319,16369,14565,20041,23100,22838,22300,24584,26646,24164,22808,22952,24770,26526
"EF105385",12808,12926,18017,17687,17461,17321,15595,16029,17121,16049,16295,16829,14449,18263,16541,15227,15945,17053,17271,15785,15817,17299,14283,11919,16995,16667,12821,13047,16742,15750,13652,19940,17128,15096,14336,14220,16842,16472,18560,12782,15968,16464,14062,14494,13800,19530,17602,14944,15500,13112,16328,15410,5644,13946,1501,1638,0,7764,14312,12810,14100,12458,16822,13207,12093,12167,13891,17037,15561,12701,15181,13669,18557,21644,20662,21758,23344,24552,23092,21154,21090,23860,25010
"EF105379",12896,13518,15697,15697,15595,14885,12887,15095,16225,14671,15721,15357,13229,16619,16777,13979,14943,13945,14917,13971,14731,16341,13699,11321,15311,16389,12561,14341,12284,15844,16330,16996,13562,16506,14186,15420,14410,12792,16248,13340,18190,14710,12898,14996,11438,17088,13986,14974,14420,12400,16270,11592,3596,15164,8791,9358,7764,0,16898,14274,14350,11104,15742,15285,14531,14649,15863,16645,18263,16185,17197,15671,16125,26236,25156,27334,25776,29230,26850,29874,27822,29682,29684
"DQ181801",16712,15726,18295,17825,20237,19407,17549,17009,15999,19359,19063,19023,18491,21789,18651,17037,18539,15693,17419,19185,19069,18493,17721,14997,17931,19663,16201,15985,6750,2678,4280,6326,3272,4564,1720,6318,5808,5274,5870,4366,6342,4722,5792,1826,5480,6026,8522,6774,4238,4214,5246,7044,17076,16444,12147,12484,14312,16898,0,1706,3898,2604,3328,16859,15853,14957,14981,18347,18517,14883,17095,17111,20169,25632,26424,24208,27252,28624,28932,27602,25946,27220,31924
"EU482666",13378,12744,15351,15879,16555,17465,14635,13539,13115,15819,16173,16129,14963,18793,16105,13671,15197,13909,14401,16285,15769,16519,14261,11895,15305,16399,12471,12811,4526,1964,4916,6910,2816,4108,1918,5936,4952,4432,5758,3856,6172,5420,5352,1066,4966,5790,8054,6542,4362,3882,4598,4758,14876,14020,10519,11124,12810,14274,1706,0,4178,1996,2818,14171,13195,13475,13351,16411,16181,14405,15043,14449,17591,25644,26862,26006,28540,28874,27706,27516,26308,27992,32158
"GQ398258",15808,15714,17339,15393,19031,19067,17843,16741,15707,19789,18473,18145,18551,21573,17207,14867,16813,15209,16615,20219,18179,16117,17323,15083,17937,18115,15429,15943,5778,4984,1532,2478,3346,2198,3358,2466,3046,3944,3888,3136,2598,2570,5272,3102,3178,4040,6180,5100,3402,2118,2562,5658,14074,13938,11643,12668,14100,14350,3898,4178,0,4044,5232,15023,14871,15119,13601,15147,16911,13867,14263,15423,15301,24262,24646,24008,24880,26576,30338,25488,24664,26242,29438
"GQ398269",12418,11994,13919,14107,14459,15025,12945,12961,12855,15419,14743,14761,13755,16853,15653,12703,14271,12261,12981,14903,14305,15097,12921,11069,14205,16239,11619,12513,3590,2280,5288,6330,2042,4808,1918,5718,4500,3734,5298,2594,7174,4488,4978,2432,3166,5116,6618,6194,3762,2790,4750,3584,12052,14992,10175,11744,12458,11104,2604,1996,4044,0,2804,15477,13991,12889,13795,16811,17465,14705,15575,15269,17349,24336,24366,23970,25506,26918,26310,26722,25212,26050,29806
"FJ744745",15650,14670,17443,18149,17683,19675,16899,16271,15379,19495,17663,19369,16809,19681,18499,15649,17939,16137,15685,19979,17781,18287,15865,14605,17659,19379,14809,15665,4036,1152,5736,6594,2026,6530,2444,7626,5376,3984,6470,5094,8494,5842,6708,3156,4526,4372,8902,6490,5722,4236,6476,4076,18584,16298,13835,14984,16822,15742,3328,2818,5232,2804,0,16251,16523,16655,15271,18135,18063,18411,17275,16355,18737,30648,31894,30094,33118,33714,33414,34396,31552,31828,36712
"KF955477",10291,11097,12674,11880,12324,14332,11616,12074,13830,12928,13420,13838,12460,13428,10158,11494,12736,13672,12146,13190,11582,13054,11294,10314,14266,11702,11098,10146,16283,15729,15255,16689,15701,14203,15437,16293,15961,15815,16245,15015,17377,16075,12935,13581,15019,16597,15051,14251,16931,14377,16111,15777,13753,3547,12916,14839,13207,15285,16859,14171,15023,15477,16251,0,1836,3292,3224,3356,3238,5230,3622,1934,4082,16921,16211,20039,22167,19733,22069,19615,17843,20889,20607
"KF824903",10137,10779,11768,11352,11550,12956,9868,10786,12818,11966,12952,13504,12500,13162,10568,10702,12184,13074,11212,11886,11404,12966,10948,9870,13336,11006,10228,9982,16177,15461,14451,16799,15427,13387,14357,15691,15737,15691,15809,13523,16437,16189,12307,13077,14521,17029,14881,14679,16183,13723,14883,15351,13257,3841,12142,13423,12093,14531,15853,13195,14871,13991,16523,1836,0,2178,2324,3594,3334,4022,4028,2522,4302,16089,15691,19551,21889,19337,21345,18747,16729,19625,20509
"AY496879",9799,11111,12078,11298,11212,12528,10022,11188,13628,12340,13234,12822,12460,12634,10768,11642,13252,13224,11964,12670,11398,13630,11316,9686,13174,12260,10716,9298,16611,15507,15583,16645,15593,13719,14353,16419,16591,16373,14755,13625,17797,15473,11167,13091,14229,17311,13567,14545,14873,13487,15899,16171,11805,4537,11160,13503,12167,14649,14957,13475,15119,12889,16655,3292,2178,0,3386,4980,4268,3500,4390,3478,6076,15439,13549,16569,19129,17653,20621,17923,15763,18593,19335
"AY858037",9923,10991,12028,10430,10962,11362,10212,11178,12424,12918,12314,12916,11322,12364,10718,10700,12582,12094,10816,12946,11362,12404,10016,9690,13180,10728,10458,9584,16949,14803,13769,15895,14917,13437,13979,15351,15203,15485,14139,13911,17277,15659,11329,12879,13311,15587,13481,12963,14949,13745,15567,15309,15297,4243,12824,15291,13891,15863,14981,13351,13601,13795,15271,3224,2324,3386,0,3810,3184,2586,3684,3368,4684,17525,16591,18897,22069,19835,23025,20661,17869,21059,20747
"KF041254",13427,14281,15064,12162,14608,15952,12922,14262,16124,15012,16204,16294,16080,15940,12940,12878,15796,16022,13916,15944,14806,14776,15192,13434,16968,13498,13494,12766,19237,17577,15607,16767,16187,14721,17549,16395,16627,16067,17919,16805,17701,16779,14821,15313,17725,18007,16447,15603,18143,15595,16291,18601,17061,2205,16356,18475,17037,16645,18347,16411,15147,16811,18135,3356,3594,4980,3810,0,2898,5020,2060,1884,1152,18927,18127,21675,23807,21317,25639,23633,20145,22127,22233
"JQ922555",12767,13415,13710,12128,13698,15032,12068,14220,14644,14946,14062,14778,14830,14000,11200,12940,15272,16280,12694,15656,12988,14722,13934,13216,15964,11640,13148,11456,20231,17243,16977,18953,17731,15675,17983,19099,18949,18345,18683,18291,19879,18191,13511,15757,18771,19263,15931,15203,19659,16279,18675,19793,17651,2429,14616,15529,15561,18263,18517,16181,16911,17465,18063,3238,3334,4268,3184,2898,0,4172,2320,1958,3926,17833,16905,18305,22607,19983,22329,20877,18677,20283,20057
"KC762690",10863,12001,14180,11408,14214,13452,11676,13070,14302,13528,14348,13022,14136,14514,11574,11598,14122,14108,13126,14292,13436,14066,12948,10704,14832,12668,11834,10148,20411,16209,14317,17083,17141,12995,15823,15605,16407,16557,15941,14677,17383,15787,12001,13525,15281,18181,14623,14163,16253,14235,16393,18859,13021,5137,11916,14319,12701,16185,14883,14405,13867,14705,18411,5230,4022,3500,2586,5020,4172,0,4700,5072,6404,14841,13469,14759,17171,16203,19179,16791,14321,17301,17369
"FJ182038",11967,13151,14454,11550,13432,14412,11608,12326,14948,13838,14368,14766,14694,14918,11610,12754,14650,14706,13912,14414,13208,14426,13444,12354,16018,12412,12198,11152,18133,16557,14675,15843,16243,13007,16725,15459,16173,16427,15913,16227,16933,15615,12299,14325,16271,16793,13915,13553,16215,14113,15911,17711,16405,875,13424,16369,15181,17197,17095,15043,14263,15575,17275,3622,4028,4390,3684,2060,2320,4700,0,1862,2660,17689,16027,18451,21387,19105,23145,19865,18227,20435,19979
"FJ882572",10775,11679,13042,11078,11736,14038,10692,11616,14068,12982,13148,14108,13012,13724,11120,11850,13846,14282,12166,12882,11868,12340,12122,10856,14878,12112,11000,10036,17775,15449,15491,17301,15415,14511,16041,16179,16399,16617,17741,16335,17171,17167,13951,14015,16601,17625,16305,15531,17723,14715,16187,17671,15585,1731,12810,14565,13669,15671,17111,14449,15423,15269,16355,1934,2522,3478,3368,1884,1958,5072,1862,0,2866,18627,17861,20901,23871,21147,23611,21177,19759,22247,22059
"KF954948",13153,14551,13928,10998,14216,15638,12666,13656,15148,14722,15224,15648,15536,15256,12618,12366,14280,15270,13422,15890,14436,13710,14286,13344,16470,12854,12982,12708,18591,18291,16109,15967,16255,14601,18419,16133,15621,15627,17133,17265,18015,16319,14557,15989,17019,17113,15105,15061,18077,15861,16315,17543,17271,2807,17486,20041,18557,16125,20169,17591,15301,17349,18737,4082,4302,6076,4684,1152,3926,6404,2660,2866,0,20359,19775,22891,24075,22283,27353,24753,21703,23219,23481
"GQ199879",17486,17224,18679,15203,18115,16049,16461,15009,18219,16997,16663,13795,19015,17747,13773,16207,17821,16959,17731,18731,15663,17321,18283,18113,19007,16791,17865,16891,28878,27726,25008,25170,27752,22700,26004,25526,28124,27238,24258,21508,26594,22668,18920,23796,24878,24942,19520,19724,25116,23700,24674,27246,22678,16324,21703,23100,21644,26236,25632,25644,24262,24336,30648,16921,16089,15439,17525,18927,17833,14841,17689,18627,20359,0,1846,3328,4538,1650,6210,3004,938,3152,2902
"KJ579242",16734,16626,18257,15219,17505,15103,15821,15771,18823,17041,17013,13475,19093,16539,13449,15845,17951,16547,18529,16755,15691,18129,18401,17551,19299,16873,17539,16219,29316,29400,26602,25654,29036,22886,27094,26634,29810,28616,25094,22364,27934,22672,19662,25304,24674,25678,20240,20388,25732,22810,26060,27728,20360,15264,20725,22838,20662,25156,26424,26862,24646,24366,31894,16211,15691,13549,16591,18127,16905,13469,16027,17861,19775,1846,0,2838,3932,2612,7860,3368,1718,4228,3322
"GQ398256",18264,18170,18383,15371,19979,15835,17053,17163,18381,19283,17491,13983,20117,17577,14007,17659,18263,17499,18921,19245,17519,18305,19475,19369,19333,17043,19605,17395,30282,27352,25852,24748,28126,21540,26258,26278,28730,27254,23272,22930,27998,21652,17460,24368,25016,25044,17812,18486,24456,22726,26372,28320,23068,17340,21053,22300,21758,27334,24208,26006,24008,23970,30094,20039,19551,16569,18897,21675,18305,14759,18451,20901,22891,3328,2838,0,2994,2476,8020,4048,2782,2730,3218
"KF041260",19840,19780,19311,15651,22067,17341,18887,18721,19211,20281,19411,15125,21549,19403,15935,18275,18059,18325,20631,19721,19849,18605,21259,20423,20465,18591,20977,19749,31522,30142,27540,25768,29850,23628,29000,26256,28948,27818,24056,23788,28386,22866,19286,26616,25190,26738,18778,20630,25428,24288,27010,29488,20976,20010,23475,24584,23344,25776,27252,28540,24880,25506,33118,22167,21889,19129,22069,23807,22607,17171,21387,23871,24075,4538,3932,2994,0,3300,8634,5286,4094,4016,3252
"FJ196849",19060,19258,19387,15287,19895,16817,17949,16071,19341,19699,18615,13969,21253,18815,14585,18231,17307,18191,19537,19807,17791,17451,20245,20155,19651,17559,20007,18609,31970,30608,28110,27220,31154,24048,29336,28854,31104,29606,25914,24110,29704,24720,20596,26916,27268,27406,20618,22080,27482,25518,28466,29654,24252,18124,24125,26646,24552,29230,28624,28874,26576,26918,33714,19733,19337,17653,19835,21317,19983,16203,19105,21147,22283,1650,2612,2476,3300,0,6720,3318,1538,2624,2516
"EF457906",18582,18600,19579,17549,20629,19115,17057,17271,19141,17839,18361,15461,20111,18783,15953,19013,18165,20257,17485,17629,17323,18843,19723,18627,19709,17417,18997,17991,31292,29650,31716,34598,32120,28624,29964,32566,31866,30306,29548,25732,33594,28912,21120,26932,28984,30426,23276,24148,29528,27444,31142,30570,24074,22722,23763,24164,23092,26850,28932,27706,30338,26310,33414,22069,21345,20621,23025,25639,22329,19179,23145,23611,27353,6210,7860,8020,8634,6720,0,8542,7404,8292,6948
"KP140942",19088,19248,21053,17041,21177,18441,19073,17211,20633,19647,18179,15985,22017,20583,15635,19279,18949,18805,20981,19129,17877,18575,20541,19999,22075,19399,20179,18801,32858,30628,25800,26992,31534,22790,28716,25912,30686,31442,26320,24404,26648,24522,21410,26124,27358,27942,22198,23162,27200,25202,26284,31058,24000,18748,21417,22808,21154,29874,27602,27516,25488,26722,34396,19615,18747,17923,20661,23633,20877,16791,19865,21177,24753,3004,3368,4048,5286,3318,8542,0,2470,4554,4392
"FJ024476",18260,17844,20097,16447,19709,17511,18279,16365,19375,18807,18205,15273,20567,19257,14827,17251,18723,18623,20021,19643,17683,18633,19583,19173,20161,17885,18739,17933,30622,28860,25676,25744,29384,22308,26980,26446,29498,28194,25026,22096,27108,23122,19944,24616,25182,25386,20550,20452,25980,23700,25574,28472,22596,16924,20871,22952,21090,27822,25946,26308,24664,25212,31552,17843,16729,15763,17869,20145,18677,14321,18227,19759,21703,938,1718,2782,4094,1538,7404,2470,0,2538,3046
"JF262783",20606,19784,20423,16733,22161,19365,19503,18049,19995,20923,19209,16527,22613,19593,16481,18519,19227,20639,20939,20811,19953,19013,21441,21441,21257,18497,21169,20225,31776,29120,26822,27490,30652,23420,28782,27866,29602,28136,25738,23032,29114,24148,20252,26508,26902,26338,21156,21466,27012,24614,27596,29014,25270,18906,23457,24770,23860,29682,27220,27992,26242,26050,31828,20889,19625,18593,21059,22127,20283,17301,20435,22247,23219,3152,4228,2730,4016,2624,8292,4554,2538,0,2450
"JQ922559",21554,21824,21565,17625,23031,19019,20049,19927,22101,21667,20651,17333,23063,20689,16649,20031,20675,21009,21849,21511,20359,20347,22283,22579,22701,18613,22671,21263,35902,33520,30534,31676,34188,27894,32836,30450,32796,32682,28756,27624,32524,27916,21902,30596,30270,30270,22088,23474,30456,28664,31260,33408,24674,18956,25191,26526,25010,29684,31924,32158,29438,29806,36712,20607,20509,19335,20747,22233,20057,17369,19979,22059,23481,2902,3322,3218,3252,2516,6948,4392,3046,2450,0
